{"stats":{"minecraft:custom":{"lootr:looted_stat":8,"minecraft:mob_kills":40,"minecraft:interact_with_crafting_table":7,"minecraft:leave_game":2,"minecraft:time_since_death":15480,"minecraft:climb_one_cm":30525,"minecraft:sprint_one_cm":548232,"minecraft:walk_one_cm":664356,"minecraft:damage_blocked_by_shield":240,"minecraft:drop":81,"minecraft:play_time":206284,"minecraft:sneak_time":1152,"minecraft:deaths":15,"minecraft:walk_under_water_one_cm":8798,"minecraft:jump":3385,"minecraft:walk_on_water_one_cm":30849,"minecraft:total_world_time":206284,"minecraft:interact_with_furnace":55,"minecraft:sleep_in_bed":11,"minecraft:time_since_rest":15504,"minecraft:damage_taken":7231,"minecraft:damage_dealt":7853,"minecraft:player_kills":2,"minecraft:swim_one_cm":22991,"minecraft:fly_one_cm":548361,"minecraft:open_chest":113,"minecraft:crouch_one_cm":2679,"minecraft:fall_one_cm":130054,"minecraft:inspect_dispenser":1},"minecraft:killed":{"eternal_tales:sunflower_spider":1,"minecraft:cave_spider":5,"minecraft:spider":3,"minecraft:skeleton":4,"minecraft:husk":4,"minecraft:pig":3,"minecraft:zombie_villager":1,"riskofrain_mobs:lemurian_entity":3,"minecraft:creeper":1,"eternal_tales:flower_zombie":1,"minecraft:sheep":1,"minecraft:zombie":3,"minecraft:cow":3},"minecraft:broken":{"minecraft:leather_helmet":1,"minecraft:stone_sword":1,"minecraft:stone_pickaxe":2,"minecraft:stone_axe":1,"minecraft:iron_pickaxe":1,"minecraft:stone_shovel":1},"minecraft:dropped":{"minecraft:golden_boots":1,"minecraft:stone_hoe":1,"minecraft:bread":1,"minecraft:wheat_seeds":1,"minecraft:baked_potato":22,"vampirism:vampire_book":1,"eternal_tales:anthurium":1,"vampirism:amulet":2,"minecraft:coal":1,"eternal_tales:totem_of_eternal_darkness":1,"eternal_tales:raw_chlorine":1,"minecraft:jungle_door":2,"gravestone:obituary":21,"minecraft:orange_bed":1,"minecraft:stone_axe":1,"minecraft:rotten_flesh":1,"minecraft:cooked_mutton":1,"minecraft:leather_chestplate":1,"minecraft:shield":3,"minecraft:spruce_planks":2,"minecraft:iron_chestplate":1,"minecraft:jungle_log":2,"minecraft:leather_boots":1,"minecraft:leather_leggings":1,"minecraft:bamboo":7,"minecraft:wooden_pickaxe":1,"minecraft:stone_pickaxe":2},"minecraft:mined":{"minecraft:tuff":35,"minecraft:mossy_cobblestone":4,"minecraft:jungle_leaves":3,"gravestone:gravestone":14,"minecraft:grass_block":40,"minecraft:jungle_log":30,"minecraft:spruce_leaves":40,"minecraft:moss_block":19,"minecraft:rooted_dirt":10,"minecraft:spawner":2,"minecraft:raw_iron_block":1,"duneons:anvilwithhammer":1,"minecraft:furnace":6,"minecraft:iron_ore":38,"duneons:redstonecrystal_3":1,"minecraft:pumpkin":8,"minecraft:deepslate_iron_ore":10,"minecraft:vine":3,"eternal_tales:chlorine_ore":2,"minecraft:bamboo":68,"botania:light_blue_double_flower":1,"minecraft:stone":322,"eternal_tales:growing_skill_stone":1,"minecraft:tripwire":2,"minecraft:green_bed":2,"minecraft:orange_bed":6,"minecraft:podzol":1,"minecraft:oak_slab":2,"botania:orange_mystical_flower":2,"minecraft:stone_brick_slab":1,"duneons:pumpkingrassblock":3,"minecraft:crafting_table":2,"minecraft:torch":9,"minecraft:emerald_ore":7,"minecraft:melon":16,"minecraft:chest":1,"minecraft:lectern":1,"minecraft:mushroom_stem":5,"minecraft:cobblestone":111,"minecraft:deepslate_coal_ore":1,"minecraft:oak_planks":1,"minecraft:sugar_cane":5,"eternal_tales:speech_skill_stone":2,"minecraft:wall_torch":2,"minecraft:skeleton_skull":1,"minecraft:coarse_dirt":18,"minecraft:jukebox":1,"minecraft:ice":1,"duneons:apple":3,"minecraft:grass":154,"botania:white_mystical_flower":1,"minecraft:oak_log":48,"minecraft:coal_ore":154,"minecraft:cocoa":1,"minecraft:flower_pot":1,"minecraft:dirt":129,"minecraft:stone_bricks":8,"minecraft:oak_leaves":9,"minecraft:fern":66},"minecraft:used":{"minecraft:oak_fence":6,"minecraft:stone_sword":143,"minecraft:iron_shovel":75,"minecraft:stone_shovel":135,"minecraft:ladder":9,"minecraft:chest":5,"minecraft:shield":4,"minecraft:iron_sword":31,"minecraft:stone_hoe":80,"minecraft:rotten_flesh":1,"minecraft:iron_chestplate":1,"minecraft:orange_bed":5,"minecraft:torch":83,"minecraft:dirt":92,"minecraft:jungle_planks":83,"minecraft:tuff":6,"minecraft:oak_fence_gate":2,"minecraft:stone_brick_slab":1,"minecraft:iron_helmet":1,"minecraft:iron_boots":3,"minecraft:stone_bricks":318,"minecraft:bamboo":37,"minecraft:furnace":8,"minecraft:cooked_beef":3,"minecraft:iron_leggings":1,"minecraft:golden_boots":1,"minecraft:wheat_seeds":21,"minecraft:cooked_mutton":1,"minecraft:water_bucket":4,"minecraft:leather_leggings":1,"eternal_tales:growing_skill_stone":1,"minecraft:stone_pickaxe":262,"minecraft:baked_potato":27,"minecraft:oak_planks":1,"minecraft:wooden_pickaxe":5,"minecraft:leather_chestplate":1,"minecraft:green_bed":3,"minecraft:leather_boots":1,"minecraft:oak_slab":27,"minecraft:crafting_table":3,"duneons:anvilwithhammer":1,"minecraft:oak_log":9,"duneons:firepumkin":1,"minecraft:flower_pot":1,"minecraft:apple":2,"minecraft:melon_slice":60,"minecraft:bread":7,"minecraft:iron_pickaxe":446,"eternal_tales:starter_kit":1,"minecraft:leather_helmet":1,"duneons:pumpkingrassblock":3,"minecraft:stone_axe":226,"eternal_tales:speech_skill_stone":2,"minecraft:cobblestone":133,"travelersbackpack:standard":12,"minecraft:cooked_porkchop":3,"minecraft:jungle_door":1,"minecraft:bucket":7,"minecraft:coarse_dirt":1,"minecraft:jukebox":2},"minecraft:killed_by":{"minecraft:husk":1,"riskofrain_mobs:stone_golem_entity":2,"minecraft:creeper":2,"irons_spellbooks:necromancer":5,"riskofrain_mobs:lemurian_entity":1,"minecraft:skeleton":3},"minecraft:picked_up":{"minecraft:crafting_table":2,"minecraft:cocoa_beans":3,"minecraft:coarse_dirt":18,"minecraft:flower_pot":1,"gravestone:obituary":6,"minecraft:shield":2,"botania:light_blue_double_flower":1,"vampirism:armor_of_swiftness_head_ultimate":1,"eternal_tales:growing_skill_stone":1,"minecraft:string":13,"minecraft:spruce_planks":2,"minecraft:beef":3,"minecraft:jungle_sapling":4,"minecraft:lectern":1,"minecraft:melon_slice":78,"minecraft:sugar_cane":8,"minecraft:chest":1,"eternal_tales:starter_kit":1,"minecraft:furnace":6,"minecraft:stick":15,"minecraft:raw_iron":53,"minecraft:jukebox":1,"minecraft:torch":11,"minecraft:green_bed":3,"minecraft:porkchop":6,"vampirism:amulet":2,"minecraft:redstone":2,"duneons:firepumkin":1,"botania:white_mystical_flower":1,"minecraft:orange_bed":6,"eternal_tales:totem_of_eternal_darkness":1,"minecraft:arrow":3,"minecraft:rotten_flesh":8,"vampirism:hunter_coat_feet_ultimate":1,"eternal_tales:heart_et":1,"minecraft:mutton":2,"minecraft:white_wool":1,"minecraft:skeleton_skull":1,"minecraft:cobblestone":429,"vampirism:vampire_book":1,"minecraft:jungle_log":32,"eternal_tales:speech_skill_stone":2,"minecraft:leather":3,"minecraft:tuff":35,"minecraft:oak_log":48,"minecraft:golden_boots":1,"vampirism:armor_of_swiftness_legs_ultimate":1,"minecraft:gunpowder":2,"eternal_tales:tea_seeds":2,"minecraft:dirt":172,"minecraft:bone":7,"minecraft:apple":4,"minecraft:stone_bricks":8,"minecraft:wheat_seeds":23,"minecraft:stone_pickaxe":2,"minecraft:bamboo":181,"minecraft:moss_block":20,"minecraft:oak_planks":1,"minecraft:stone_hoe":1,"minecraft:oak_slab":3,"duneons:anvilwithhammer":1,"minecraft:cooked_porkchop":3,"minecraft:pumpkin":8,"minecraft:stone_brick_slab":1,"minecraft:raw_iron_block":1,"minecraft:jungle_planks":7,"minecraft:spruce_sapling":1,"vampirism:hunter_coat_chest_ultimate":1,"minecraft:spider_eye":3,"minecraft:mossy_cobblestone":4,"eternal_tales:bronze_coin":3,"minecraft:stone_axe":1,"eternal_tales:terra_shard":1,"eternal_tales:anthurium":1,"botania:orange_mystical_flower":2,"minecraft:emerald":8,"minecraft:rooted_dirt":10,"duneons:pumpkingrassblock":3,"minecraft:baked_potato":6,"minecraft:oak_sapling":27,"minecraft:coal":169,"eternal_tales:raw_chlorine":3},"minecraft:crafted":{"minecraft:oak_planks":156,"minecraft:raw_iron":9,"minecraft:jukebox":1,"minecraft:furnace":2,"minecraft:stone":263,"minecraft:cooked_mutton":2,"minecraft:iron_axe":1,"minecraft:ladder":24,"minecraft:melon_seeds":1,"minecraft:stone_pickaxe":2,"minecraft:chest":4,"minecraft:stone_bricks":264,"minecraft:oak_fence":21,"minecraft:cooked_beef":3,"minecraft:oak_slab":24,"minecraft:crafting_table":1,"minecraft:baked_potato":54,"minecraft:iron_helmet":1,"minecraft:iron_sword":1,"minecraft:bucket":1,"minecraft:stone_axe":1,"minecraft:jungle_planks":120,"minecraft:air":0,"minecraft:oak_fence_gate":2,"minecraft:jungle_door":3,"minecraft:shield":2,"minecraft:stick":160,"minecraft:iron_ingot":61,"minecraft:iron_pickaxe":2,"minecraft:iron_shovel":1,"minecraft:torch":112}},"DataVersion":3465}