{"stats":{"minecraft:custom":{"lootr:looted_stat":17,"minecraft:interact_with_crafting_table":16,"minecraft:leave_game":6,"minecraft:time_since_death":29386,"minecraft:sprint_one_cm":1146518,"minecraft:damage_blocked_by_shield":2505,"minecraft:drop":187,"minecraft:play_time":573934,"minecraft:deaths":43,"minecraft:jump":8387,"minecraft:walk_on_water_one_cm":120782,"minecraft:enchant_item":1,"minecraft:interact_with_furnace":330,"minecraft:sleep_in_bed":13,"minecraft:damage_dealt":23559,"minecraft:player_kills":2,"minecraft:crouch_one_cm":22534,"minecraft:horse_one_cm":1197994,"minecraft:inspect_dispenser":1,"minecraft:interact_with_smithing_table":6,"minecraft:interact_with_anvil":2,"minecraft:mob_kills":106,"minecraft:climb_one_cm":241160,"minecraft:walk_one_cm":1745332,"minecraft:sneak_time":11663,"minecraft:walk_under_water_one_cm":13899,"minecraft:total_world_time":573934,"minecraft:interact_with_stonecutter":10,"minecraft:time_since_rest":29407,"minecraft:damage_taken":23477,"minecraft:damage_absorbed":40,"minecraft:swim_one_cm":40474,"minecraft:fly_one_cm":1226081,"minecraft:open_chest":324,"minecraft:fall_one_cm":311151},"minecraft:mined":{"minecraft:dark_oak_planks":3,"eternal_tales:deepslate_chlorine_ore":2,"minecraft:jungle_leaves":5,"minecraft:obsidian":53,"minecraft:grass_block":42,"minecraft:stone_brick_wall":26,"minecraft:jungle_log":81,"minecraft:spawner":2,"minecraft:raw_iron_block":1,"botania:purple_mystical_flower":6,"minecraft:fire":1,"minecraft:iron_ore":91,"minecraft:cobbled_deepslate":3,"minecraft:pumpkin":8,"duneons:firepumkin":1,"minecraft:enchanting_table":2,"eternal_tales:chlorine_ore":2,"botania:light_blue_mystical_flower":2,"minecraft:tripwire":2,"minecraft:green_bed":2,"minecraft:orange_bed":6,"botania:orange_mystical_flower":2,"duneons:pumpkingrassblock":3,"duneons:mossdirtpumpkin":19,"minecraft:torch":13,"minecraft:poppy":18,"minecraft:melon":16,"minecraft:chest":6,"minecraft:mushroom_stem":5,"minecraft:cobblestone":186,"botania:blue_mystical_flower":5,"duneons:junglefern":1,"eternal_tales:rayana_glowstone":2,"minecraft:sugar_cane":5,"minecraft:oak_planks":3,"botania:blue_double_flower":1,"eternal_tales:speech_skill_stone":4,"minecraft:wall_torch":8,"minecraft:skeleton_skull":1,"minecraft:chain":2,"duneons:apple":3,"minecraft:jukebox":1,"minecraft:stone_brick_stairs":35,"minecraft:grass":169,"minecraft:oak_log":78,"minecraft:sand":353,"minecraft:dirt":169,"minecraft:netherrack":37,"minecraft:oak_leaves":9,"minecraft:deepslate":195,"minecraft:tuff":86,"minecraft:quartz_stairs":2,"minecraft:mossy_cobblestone":4,"minecraft:deepslate_diamond_ore":2,"gravestone:gravestone":42,"minecraft:ladder":30,"eternal_tales:karst_stone":2,"minecraft:spruce_leaves":40,"eternal_tales:pyroxenite":10,"minecraft:moss_block":22,"minecraft:rooted_dirt":11,"botania:magenta_mystical_flower":1,"duneons:anvilwithhammer":1,"minecraft:furnace":9,"duneons:redstonecrystal_3":1,"minecraft:andesite":1,"minecraft:stripped_spruce_log":1,"eternal_tales:gold_chain":1,"duneons:swamplog":16,"minecraft:potatoes":83,"minecraft:deepslate_iron_ore":12,"minecraft:vine":13,"eternal_tales:rayana_bricks":9,"eternal_tales:limestone":4,"minecraft:bamboo":68,"botania:light_blue_double_flower":1,"minecraft:stone":1417,"eternal_tales:growing_skill_stone":1,"minecraft:podzol":1,"minecraft:oak_slab":2,"minecraft:scaffolding":153,"minecraft:stone_brick_slab":28,"vampirism:tent_main":1,"minecraft:crafting_table":4,"minecraft:emerald_ore":7,"minecraft:lectern":1,"minecraft:copper_ore":9,"minecraft:deepslate_coal_ore":1,"minecraft:coarse_dirt":20,"eternal_tales:skill_stone_catching":1,"minecraft:purple_stained_glass":2,"minecraft:ice":1,"minecraft:spruce_log":248,"botania:white_mystical_flower":1,"minecraft:coal_ore":206,"minecraft:cocoa":1,"minecraft:flower_pot":1,"minecraft:gravel":44,"minecraft:stone_bricks":30,"minecraft:fern":72},"minecraft:broken":{"minecraft:iron_shovel":2,"minecraft:iron_boots":1,"minecraft:iron_leggings":1,"minecraft:stone_pickaxe":2,"minecraft:stone_axe":2,"minecraft:stone_shovel":1,"minecraft:leather_helmet":1,"minecraft:stone_sword":1,"minecraft:shield":1,"minecraft:iron_axe":1,"minecraft:iron_pickaxe":8,"minecraft:iron_helmet":1},"minecraft:used":{"minecraft:iron_shovel":506,"minecraft:ladder":455,"minecraft:chest":9,"minecraft:shield":33,"minecraft:stone":1,"minecraft:iron_sword":359,"minecraft:quartz_stairs":2,"minecraft:rotten_flesh":1,"minecraft:iron_chestplate":1,"minecraft:jungle_planks":83,"travelersbackpack:iron":4,"minecraft:tuff":8,"minecraft:obsidian":36,"minecraft:stripped_spruce_log":1,"eternal_tales:gold_chain":1,"minecraft:lava_bucket":1,"minecraft:iron_helmet":1,"minecraft:stone_brick_stairs":69,"eternal_tales:stonecute":2,"minecraft:stone_bricks":874,"minecraft:scaffolding":382,"minecraft:furnace":20,"minecraft:egg":3,"minecraft:potato":113,"minecraft:golden_boots":1,"minecraft:leather_leggings":1,"eternal_tales:growing_skill_stone":1,"minecraft:stone_pickaxe":262,"minecraft:oak_planks":12,"minecraft:wooden_pickaxe":5,"minecraft:leather_chestplate":1,"minecraft:golden_apple":1,"minecraft:stone_brick_wall":78,"minecraft:melon_slice":77,"minecraft:bread":7,"eternal_tales:starter_kit":1,"eternal_tales:speech_skill_stone":4,"minecraft:smithing_table":1,"minecraft:chain":8,"minecraft:coarse_dirt":1,"minecraft:oak_fence":6,"minecraft:stone_sword":143,"minecraft:enchanting_table":2,"minecraft:flint_and_steel":2,"minecraft:stone_shovel":135,"minecraft:stone_hoe":80,"minecraft:orange_bed":5,"minecraft:torch":127,"minecraft:dirt":162,"minecraft:anvil":1,"minecraft:oak_fence_gate":2,"minecraft:stone_brick_slab":48,"minecraft:iron_axe":466,"minecraft:iron_boots":4,"minecraft:bamboo":37,"minecraft:diamond_chestplate":2,"travelersbackpack:ocelot":1,"minecraft:cooked_beef":3,"minecraft:cobbled_deepslate":19,"minecraft:iron_leggings":1,"minecraft:wheat_seeds":21,"minecraft:cooked_mutton":1,"minecraft:water_bucket":24,"minecraft:iron_ore":51,"minecraft:baked_potato":197,"minecraft:stonecutter":2,"minecraft:green_bed":3,"minecraft:leather_boots":1,"minecraft:oak_slab":27,"minecraft:crafting_table":4,"duneons:anvilwithhammer":1,"minecraft:spruce_log":118,"minecraft:purple_stained_glass":201,"minecraft:oak_log":9,"eternal_tales:skill_stone_catching":1,"duneons:firepumkin":1,"minecraft:diamond_pickaxe":62,"minecraft:flower_pot":1,"minecraft:apple":2,"minecraft:iron_pickaxe":2192,"minecraft:leather_helmet":1,"duneons:pumpkingrassblock":3,"minecraft:spruce_sapling":33,"minecraft:stone_axe":282,"minecraft:cobblestone":326,"travelersbackpack:standard":17,"minecraft:cooked_porkchop":3,"minecraft:jungle_door":1,"minecraft:bucket":30,"minecraft:jukebox":2},"minecraft:picked_up":{"eternal_tales:karst_stone":2,"minecraft:redstone_block":1,"minecraft:flower_pot":1,"duneons:junglefern":1,"minecraft:stone_brick_stairs":33,"botania:light_blue_double_flower":1,"vampirism:armor_of_swiftness_head_ultimate":1,"eternal_tales:growing_skill_stone":1,"minecraft:string":15,"minecraft:raw_copper":29,"eternal_tales:stress_pills":2,"minecraft:cobbled_deepslate":198,"minecraft:gold_nugget":7,"minecraft:spruce_planks":2,"minecraft:melon_slice":78,"minecraft:furnace":8,"eternal_tales:starter_kit":1,"minecraft:stick":47,"minecraft:jukebox":1,"minecraft:torch":22,"minecraft:green_bed":3,"minecraft:porkchop":6,"eternal_tales:skill_stone_catching":1,"vampirism:amulet":2,"travelersbackpack:iron":1,"duneons:firepumkin":1,"botania:white_mystical_flower":1,"minecraft:orange_bed":6,"eternal_tales:totem_of_eternal_darkness":1,"minecraft:rotten_flesh":32,"vampirism:hunter_coat_feet_ultimate":1,"botania:blue_double_flower":1,"minecraft:obsidian":50,"minecraft:cobblestone":1566,"minecraft:enchanting_table":2,"vampirism:vampire_book":1,"minecraft:feather":6,"minecraft:jungle_log":83,"duneons:mossdirtpumpkin":19,"minecraft:potato":224,"eternal_tales:rayana_bricks":9,"travelersbackpack:ocelot":1,"minecraft:flint":7,"minecraft:tuff":86,"eternal_tales:tea_seeds":3,"minecraft:dirt":231,"eternal_tales:gold_chain":1,"minecraft:bone":16,"minecraft:wheat_seeds":24,"botania:purple_mystical_flower":6,"minecraft:bamboo":181,"minecraft:moss_block":23,"minecraft:stone_hoe":1,"minecraft:oak_planks":123,"duneons:anvilwithhammer":1,"minecraft:cooked_porkchop":3,"duneons:beehive_chestplate":1,"minecraft:jungle_planks":7,"minecraft:sand":352,"minecraft:stripped_spruce_log":1,"vampirism:hunter_coat_chest_ultimate":1,"minecraft:mossy_cobblestone":4,"eternal_tales:ectoplasm":3,"minecraft:diamond":2,"eternal_tales:terra_shard":8,"eternal_tales:anthurium":1,"minecraft:emerald":8,"duneons:pumpkingrassblock":3,"minecraft:rooted_dirt":11,"minecraft:oak_sapling":46,"minecraft:netherrack":37,"eternal_tales:raw_chlorine":5,"minecraft:coarse_dirt":20,"minecraft:cocoa_beans":7,"minecraft:crafting_table":3,"minecraft:chicken":2,"minecraft:ladder":30,"duneons:swamplog":16,"minecraft:stone_brick_wall":25,"minecraft:chain":2,"gravestone:obituary":25,"minecraft:shield":2,"minecraft:iron_shovel":1,"botania:magenta_mystical_flower":3,"minecraft:blackstone":8,"minecraft:beef":3,"eternal_tales:limestone_rock":4,"minecraft:jungle_sapling":7,"minecraft:poppy":19,"minecraft:lectern":1,"minecraft:quartz_stairs":2,"minecraft:sugar_cane":8,"minecraft:chest":2,"minecraft:phantom_membrane":5,"minecraft:egg":5,"minecraft:raw_iron":112,"minecraft:stone":80,"minecraft:redstone":2,"minecraft:dark_oak_planks":3,"duneons:beehive_helmet":2,"minecraft:arrow":11,"eternal_tales:pyroxenite":10,"botania:blue_mystical_flower":5,"minecraft:saddle":1,"minecraft:mutton":2,"eternal_tales:rayana_glowstone":2,"minecraft:skeleton_skull":1,"minecraft:white_wool":1,"eternal_tales:heart_et":1,"vampirism:item_tent":1,"eternal_tales:speech_skill_stone":4,"minecraft:leather":3,"minecraft:oak_log":78,"minecraft:chainmail_chestplate":1,"vampirism:armor_of_swiftness_legs_ultimate":1,"minecraft:golden_boots":1,"minecraft:gunpowder":5,"botania:light_blue_mystical_flower":2,"minecraft:apple":6,"minecraft:stone_bricks":30,"minecraft:iron_ingot":2,"minecraft:stone_pickaxe":2,"minecraft:iron_sword":3,"minecraft:oak_slab":3,"minecraft:scaffolding":380,"minecraft:pumpkin":8,"minecraft:stone_brick_slab":28,"minecraft:raw_iron_block":1,"minecraft:gravel":38,"minecraft:spruce_sapling":39,"minecraft:spruce_log":248,"minecraft:spider_eye":5,"eternal_tales:bronze_coin":13,"minecraft:stone_axe":1,"botania:orange_mystical_flower":2,"minecraft:baked_potato":64,"minecraft:coal":226,"minecraft:ender_pearl":1},"minecraft:killed":{"vampirism:vampire":1,"minecraft:cave_spider":5,"vampirism:advanced_vampire":1,"minecraft:spider":7,"minecraft:skeleton":10,"minecraft:chicken":1,"minecraft:skeleton_horse":1,"minecraft:pig":3,"minecraft:zombie_villager":1,"riskofrain_mobs:lemurian_entity":4,"minecraft:creeper":4,"minecraft:sheep":1,"minecraft:pillager":1,"minecraft:zombie":23,"eternal_tales:spirit":2,"minecraft:cow":3,"eternal_tales:sunflower_spider":2,"minecraft:phantom":12,"minecraft:husk":6,"eternal_tales:flower_zombie":4,"riskofrain_mobs:stone_golem_entity":2,"minecraft:enderman":1},"minecraft:dropped":{"minecraft:iron_sword":2,"minecraft:moss_block":3,"minecraft:baked_potato":24,"minecraft:rooted_dirt":1,"eternal_tales:anthurium":1,"travelersbackpack:standard":1,"minecraft:leather_helmet":1,"minecraft:flint":2,"eternal_tales:totem_of_eternal_darkness":1,"eternal_tales:stonecute":1,"gravestone:obituary":59,"minecraft:gold_nugget":14,"minecraft:dark_oak_planks":3,"travelersbackpack:ocelot":1,"minecraft:stone_axe":1,"minecraft:iron_nugget":6,"minecraft:rotten_flesh":6,"vampirism:blood_bottle":1,"minecraft:oak_planks":120,"minecraft:cooked_mutton":1,"minecraft:chainmail_chestplate":2,"minecraft:leather_chestplate":1,"vampirism:vampire_fang":1,"minecraft:jungle_log":2,"minecraft:leather_boots":1,"duneons:beehive_helmet":2,"minecraft:leather_leggings":1,"minecraft:arrow":1,"minecraft:glass":17,"minecraft:iron_ingot":2,"minecraft:bread":5,"minecraft:stone_hoe":2,"minecraft:golden_boots":1,"eternal_tales:stress_pills":1,"minecraft:wheat_seeds":1,"vampirism:vampire_book":1,"minecraft:iron_helmet":1,"vampirism:amulet":3,"minecraft:coal":1,"eternal_tales:raw_chlorine":1,"duneons:beehive_chestplate":1,"minecraft:jungle_door":2,"minecraft:iron_leggings":1,"minecraft:orange_bed":1,"minecraft:coarse_dirt":2,"vampirism:obi_belt":1,"minecraft:chicken":1,"minecraft:iron_boots":1,"minecraft:light_blue_dye":4,"minecraft:shield":3,"minecraft:spruce_planks":2,"minecraft:iron_chestplate":2,"minecraft:bamboo":7,"minecraft:stone_pickaxe":2,"minecraft:wooden_pickaxe":1,"duneons:junglefern":1,"botania:magenta_mystical_flower":3},"minecraft:killed_by":{"riskofrain_mobs:stone_golem_entity":27,"minecraft:creeper":2,"minecraft:zombie":1,"minecraft:husk":1,"minecraft:enderman":1,"irons_spellbooks:necromancer":5,"riskofrain_mobs:lemurian_entity":1,"minecraft:skeleton":4},"minecraft:crafted":{"minecraft:oak_planks":276,"travelersbackpack:iron":1,"botania:purple_petal":12,"minecraft:chain":9,"minecraft:stone":1669,"minecraft:cooked_mutton":2,"minecraft:glass":344,"minecraft:melon_seeds":1,"minecraft:chest":8,"minecraft:stone_bricks":980,"minecraft:oak_fence":21,"minecraft:oak_slab":24,"eternal_tales:stonecute":2,"minecraft:crafting_table":2,"minecraft:spruce_planks":228,"travelersbackpack:standard":1,"minecraft:iron_helmet":1,"minecraft:baked_potato":182,"minecraft:smithing_table":1,"minecraft:diamond_pickaxe":1,"minecraft:purple_dye":40,"minecraft:shield":2,"minecraft:stick":1060,"minecraft:light_blue_dye":4,"minecraft:iron_ingot":65,"minecraft:iron_pickaxe":9,"minecraft:gold_ingot":4,"minecraft:redstone":9,"minecraft:raw_iron":9,"minecraft:jukebox":1,"minecraft:iron_nugget":18,"minecraft:furnace":12,"botania:blue_petal":14,"minecraft:flint_and_steel":1,"minecraft:scaffolding":54,"travelersbackpack:white_sleeping_bag":1,"minecraft:iron_axe":2,"minecraft:ladder":438,"minecraft:stone_pickaxe":2,"botania:light_blue_petal":4,"minecraft:cooked_beef":3,"minecraft:red_dye":18,"minecraft:purple_stained_glass":248,"minecraft:enchanting_table":1,"travelersbackpack:backpack_tank":2,"minecraft:iron_sword":1,"minecraft:bucket":1,"minecraft:stone_axe":1,"minecraft:jungle_planks":300,"minecraft:air":0,"minecraft:blue_dye":14,"minecraft:oak_fence_gate":2,"minecraft:jungle_door":3,"minecraft:white_wool":2,"minecraft:iron_shovel":2,"minecraft:stonecutter":2,"minecraft:torch":112}},"DataVersion":3465}