{"stats":{"minecraft:crafted":{"minecraft:oak_planks":28,"minecraft:raw_iron":9,"minecraft:furnace":2,"minecraft:stone":160,"minecraft:cooked_mutton":2,"minecraft:melon_seeds":1,"minecraft:stone_pickaxe":2,"minecraft:chest":4,"minecraft:stone_bricks":124,"minecraft:cooked_beef":3,"minecraft:crafting_table":1,"minecraft:iron_helmet":1,"minecraft:bucket":1,"minecraft:stone_axe":1,"minecraft:air":0,"minecraft:jungle_planks":120,"minecraft:jungle_door":3,"minecraft:shield":2,"minecraft:stick":8,"minecraft:iron_ingot":61,"minecraft:iron_pickaxe":2,"minecraft:iron_shovel":1,"minecraft:torch":24},"minecraft:dropped":{"minecraft:bread":1,"minecraft:stone_hoe":1,"minecraft:wheat_seeds":1,"vampirism:vampire_book":1,"vampirism:amulet":2,"eternal_tales:totem_of_eternal_darkness":1,"minecraft:jungle_door":2,"gravestone:obituary":13,"minecraft:orange_bed":1,"minecraft:stone_axe":1,"minecraft:cooked_mutton":1,"minecraft:leather_chestplate":1,"minecraft:shield":3,"minecraft:spruce_planks":2,"minecraft:iron_chestplate":1,"minecraft:jungle_log":2,"minecraft:leather_boots":1,"minecraft:leather_leggings":1,"minecraft:stone_pickaxe":2,"minecraft:wooden_pickaxe":1},"minecraft:custom":{"lootr:looted_stat":8,"minecraft:mob_kills":30,"minecraft:interact_with_crafting_table":7,"minecraft:time_since_death":27682,"minecraft:climb_one_cm":14646,"minecraft:sprint_one_cm":367526,"minecraft:walk_one_cm":526374,"minecraft:damage_blocked_by_shield":120,"minecraft:drop":39,"minecraft:play_time":158982,"minecraft:deaths":9,"minecraft:sneak_time":855,"minecraft:walk_under_water_one_cm":8227,"minecraft:jump":2350,"minecraft:walk_on_water_one_cm":27315,"minecraft:total_world_time":158982,"minecraft:interact_with_furnace":43,"minecraft:sleep_in_bed":10,"minecraft:time_since_rest":2008,"minecraft:damage_taken":3996,"minecraft:damage_dealt":5619,"minecraft:swim_one_cm":14166,"minecraft:fly_one_cm":351930,"minecraft:open_chest":66,"minecraft:crouch_one_cm":1813,"minecraft:fall_one_cm":74961,"minecraft:inspect_dispenser":1},"minecraft:used":{"minecraft:stone_sword":126,"minecraft:iron_shovel":73,"minecraft:stone_shovel":135,"minecraft:chest":5,"minecraft:shield":2,"minecraft:stone_hoe":80,"minecraft:rotten_flesh":1,"minecraft:iron_chestplate":1,"minecraft:orange_bed":5,"minecraft:torch":35,"minecraft:dirt":87,"minecraft:jungle_planks":83,"minecraft:tuff":6,"minecraft:stone_brick_slab":1,"minecraft:iron_helmet":1,"minecraft:iron_boots":1,"minecraft:stone_bricks":129,"minecraft:bamboo":37,"minecraft:furnace":8,"minecraft:cooked_beef":3,"minecraft:iron_leggings":1,"minecraft:wheat_seeds":21,"minecraft:cooked_mutton":1,"minecraft:water_bucket":3,"minecraft:leather_leggings":1,"eternal_tales:growing_skill_stone":1,"minecraft:stone_pickaxe":262,"minecraft:baked_potato":6,"minecraft:leather_chestplate":1,"minecraft:wooden_pickaxe":5,"minecraft:green_bed":3,"minecraft:leather_boots":1,"minecraft:crafting_table":3,"duneons:anvilwithhammer":1,"duneons:firepumkin":1,"minecraft:flower_pot":1,"minecraft:apple":2,"minecraft:bread":7,"minecraft:melon_slice":41,"minecraft:iron_pickaxe":443,"eternal_tales:starter_kit":1,"minecraft:leather_helmet":1,"duneons:pumpkingrassblock":3,"eternal_tales:speech_skill_stone":1,"minecraft:stone_axe":166,"minecraft:cobblestone":126,"travelersbackpack:standard":8,"minecraft:cooked_porkchop":3,"minecraft:jungle_door":1,"minecraft:bucket":6,"minecraft:coarse_dirt":1},"minecraft:mined":{"minecraft:tuff":35,"minecraft:mossy_cobblestone":4,"minecraft:jungle_leaves":2,"gravestone:gravestone":9,"minecraft:grass_block":40,"minecraft:jungle_log":30,"minecraft:spruce_leaves":40,"minecraft:moss_block":19,"minecraft:rooted_dirt":10,"minecraft:spawner":2,"minecraft:raw_iron_block":1,"duneons:anvilwithhammer":1,"minecraft:furnace":6,"minecraft:iron_ore":38,"duneons:redstonecrystal_3":1,"minecraft:pumpkin":8,"minecraft:deepslate_iron_ore":10,"minecraft:vine":3,"eternal_tales:chlorine_ore":2,"minecraft:bamboo":68,"botania:light_blue_double_flower":1,"minecraft:stone":322,"eternal_tales:growing_skill_stone":1,"minecraft:tripwire":2,"minecraft:green_bed":2,"minecraft:orange_bed":6,"minecraft:podzol":1,"botania:orange_mystical_flower":2,"minecraft:stone_brick_slab":1,"duneons:pumpkingrassblock":3,"minecraft:crafting_table":2,"minecraft:torch":9,"minecraft:emerald_ore":7,"minecraft:melon":16,"minecraft:chest":1,"minecraft:lectern":1,"minecraft:mushroom_stem":5,"minecraft:cobblestone":111,"minecraft:deepslate_coal_ore":1,"minecraft:sugar_cane":5,"eternal_tales:speech_skill_stone":1,"minecraft:wall_torch":2,"minecraft:skeleton_skull":1,"minecraft:coarse_dirt":18,"duneons:apple":3,"minecraft:ice":1,"minecraft:grass":148,"botania:white_mystical_flower":1,"minecraft:oak_log":7,"minecraft:coal_ore":154,"minecraft:cocoa":1,"minecraft:dirt":125,"minecraft:flower_pot":1,"minecraft:stone_bricks":6,"minecraft:oak_leaves":9,"minecraft:fern":64},"minecraft:picked_up":{"minecraft:coarse_dirt":18,"minecraft:cocoa_beans":3,"minecraft:crafting_table":2,"minecraft:flower_pot":1,"gravestone:obituary":4,"minecraft:shield":2,"botania:light_blue_double_flower":1,"vampirism:armor_of_swiftness_head_ultimate":1,"eternal_tales:growing_skill_stone":1,"minecraft:string":11,"minecraft:spruce_planks":2,"minecraft:beef":3,"minecraft:jungle_sapling":4,"minecraft:lectern":1,"minecraft:melon_slice":78,"minecraft:sugar_cane":8,"minecraft:chest":1,"eternal_tales:starter_kit":1,"minecraft:furnace":6,"minecraft:raw_iron":53,"minecraft:stick":12,"minecraft:torch":11,"minecraft:green_bed":3,"minecraft:porkchop":5,"vampirism:amulet":2,"minecraft:redstone":2,"duneons:firepumkin":1,"botania:white_mystical_flower":1,"minecraft:orange_bed":6,"eternal_tales:totem_of_eternal_darkness":1,"minecraft:arrow":2,"minecraft:rotten_flesh":4,"vampirism:hunter_coat_feet_ultimate":1,"minecraft:skeleton_skull":1,"minecraft:mutton":2,"minecraft:white_wool":1,"minecraft:cobblestone":429,"vampirism:vampire_book":1,"minecraft:jungle_log":32,"eternal_tales:speech_skill_stone":1,"minecraft:leather":3,"minecraft:tuff":35,"minecraft:oak_log":7,"vampirism:armor_of_swiftness_legs_ultimate":1,"minecraft:gunpowder":2,"minecraft:dirt":166,"minecraft:bone":4,"minecraft:apple":3,"minecraft:stone_bricks":6,"minecraft:wheat_seeds":22,"minecraft:stone_pickaxe":2,"minecraft:bamboo":174,"minecraft:moss_block":20,"minecraft:stone_hoe":1,"duneons:anvilwithhammer":1,"minecraft:cooked_porkchop":3,"minecraft:pumpkin":8,"minecraft:stone_brick_slab":1,"minecraft:raw_iron_block":1,"minecraft:jungle_planks":7,"vampirism:hunter_coat_chest_ultimate":1,"minecraft:spruce_sapling":1,"minecraft:spider_eye":1,"minecraft:mossy_cobblestone":4,"eternal_tales:bronze_coin":2,"minecraft:stone_axe":1,"eternal_tales:terra_shard":1,"botania:orange_mystical_flower":2,"minecraft:emerald":8,"duneons:pumpkingrassblock":3,"minecraft:rooted_dirt":10,"minecraft:baked_potato":6,"minecraft:oak_sapling":9,"minecraft:coal":168,"eternal_tales:raw_chlorine":2},"minecraft:broken":{"minecraft:leather_helmet":1,"minecraft:stone_pickaxe":2,"minecraft:stone_axe":1,"minecraft:iron_pickaxe":1,"minecraft:stone_shovel":1},"minecraft:killed_by":{"riskofrain_mobs:stone_golem_entity":2,"minecraft:creeper":1,"irons_spellbooks:necromancer":5,"riskofrain_mobs:lemurian_entity":1},"minecraft:killed":{"minecraft:cave_spider":5,"minecraft:spider":3,"minecraft:skeleton":2,"minecraft:pig":2,"minecraft:zombie_villager":1,"riskofrain_mobs:lemurian_entity":3,"minecraft:creeper":1,"eternal_tales:flower_zombie":1,"minecraft:sheep":1,"minecraft:zombie":2,"minecraft:cow":3}},"DataVersion":3465}