{"stats":{"minecraft:custom":{"lootr:looted_stat":17,"minecraft:interact_with_crafting_table":10,"minecraft:leave_game":3,"minecraft:time_since_death":28712,"minecraft:sprint_one_cm":895910,"minecraft:damage_blocked_by_shield":2085,"minecraft:drop":150,"minecraft:play_time":415614,"minecraft:deaths":35,"minecraft:jump":6190,"minecraft:walk_on_water_one_cm":65154,"minecraft:interact_with_furnace":173,"minecraft:sleep_in_bed":13,"minecraft:damage_dealt":17846,"minecraft:player_kills":2,"minecraft:crouch_one_cm":10408,"minecraft:inspect_dispenser":1,"minecraft:mob_kills":83,"minecraft:climb_one_cm":145111,"minecraft:walk_one_cm":1291195,"minecraft:sneak_time":5391,"minecraft:walk_under_water_one_cm":9949,"minecraft:total_world_time":415614,"minecraft:interact_with_stonecutter":7,"minecraft:time_since_rest":28742,"minecraft:damage_absorbed":40,"minecraft:damage_taken":17747,"minecraft:swim_one_cm":25431,"minecraft:fly_one_cm":956683,"minecraft:open_chest":214,"minecraft:fall_one_cm":232955},"minecraft:killed":{"minecraft:cave_spider":5,"vampirism:advanced_vampire":1,"minecraft:spider":3,"minecraft:skeleton":10,"minecraft:pig":3,"minecraft:zombie_villager":1,"riskofrain_mobs:lemurian_entity":4,"minecraft:creeper":2,"minecraft:sheep":1,"minecraft:pillager":1,"minecraft:zombie":16,"eternal_tales:spirit":2,"minecraft:cow":3,"eternal_tales:sunflower_spider":2,"minecraft:phantom":12,"minecraft:husk":5,"eternal_tales:flower_zombie":2,"riskofrain_mobs:stone_golem_entity":1,"minecraft:enderman":1},"minecraft:broken":{"minecraft:iron_shovel":2,"minecraft:iron_boots":1,"minecraft:iron_leggings":1,"minecraft:stone_pickaxe":2,"minecraft:stone_axe":2,"minecraft:stone_shovel":1,"minecraft:leather_helmet":1,"minecraft:stone_sword":1,"minecraft:iron_axe":1,"minecraft:iron_pickaxe":7,"minecraft:iron_helmet":1},"minecraft:dropped":{"minecraft:iron_sword":2,"minecraft:moss_block":3,"minecraft:baked_potato":22,"minecraft:rooted_dirt":1,"eternal_tales:anthurium":1,"minecraft:leather_helmet":1,"minecraft:flint":2,"eternal_tales:totem_of_eternal_darkness":1,"minecraft:gold_nugget":14,"gravestone:obituary":47,"minecraft:dark_oak_planks":3,"minecraft:stone_axe":1,"minecraft:iron_nugget":6,"minecraft:rotten_flesh":6,"vampirism:blood_bottle":1,"minecraft:oak_planks":120,"minecraft:cooked_mutton":1,"minecraft:chainmail_chestplate":2,"minecraft:leather_chestplate":1,"vampirism:vampire_fang":1,"minecraft:jungle_log":2,"minecraft:leather_boots":1,"duneons:beehive_helmet":2,"minecraft:leather_leggings":1,"minecraft:arrow":1,"minecraft:stone_hoe":2,"minecraft:golden_boots":1,"minecraft:bread":5,"eternal_tales:stress_pills":1,"minecraft:wheat_seeds":1,"vampirism:vampire_book":1,"minecraft:iron_helmet":1,"vampirism:amulet":3,"minecraft:coal":1,"eternal_tales:raw_chlorine":1,"duneons:beehive_chestplate":1,"minecraft:jungle_door":2,"minecraft:iron_leggings":1,"minecraft:orange_bed":1,"minecraft:coarse_dirt":2,"vampirism:obi_belt":1,"minecraft:iron_boots":1,"minecraft:light_blue_dye":4,"minecraft:shield":3,"minecraft:spruce_planks":2,"minecraft:iron_chestplate":2,"minecraft:bamboo":7,"minecraft:stone_pickaxe":2,"minecraft:wooden_pickaxe":1,"duneons:junglefern":1,"botania:magenta_mystical_flower":3},"minecraft:used":{"minecraft:iron_shovel":504,"minecraft:ladder":455,"minecraft:chest":7,"minecraft:shield":29,"minecraft:iron_sword":258,"minecraft:quartz_stairs":2,"minecraft:rotten_flesh":1,"minecraft:iron_chestplate":1,"minecraft:jungle_planks":83,"travelersbackpack:iron":2,"minecraft:tuff":6,"minecraft:obsidian":11,"minecraft:stripped_spruce_log":1,"minecraft:lava_bucket":1,"minecraft:iron_helmet":1,"minecraft:stone_brick_stairs":13,"minecraft:stone_bricks":834,"eternal_tales:stonecute":1,"minecraft:scaffolding":57,"minecraft:furnace":11,"minecraft:egg":1,"minecraft:potato":113,"minecraft:golden_boots":1,"minecraft:leather_leggings":1,"eternal_tales:growing_skill_stone":1,"minecraft:stone_pickaxe":262,"minecraft:oak_planks":10,"minecraft:leather_chestplate":1,"minecraft:wooden_pickaxe":5,"minecraft:golden_apple":1,"minecraft:stone_brick_wall":53,"minecraft:bread":7,"minecraft:melon_slice":77,"eternal_tales:starter_kit":1,"eternal_tales:speech_skill_stone":2,"minecraft:coarse_dirt":1,"minecraft:oak_fence":6,"minecraft:enchanting_table":1,"minecraft:stone_sword":143,"minecraft:stone_shovel":135,"minecraft:stone_hoe":80,"minecraft:orange_bed":5,"minecraft:torch":127,"minecraft:dirt":162,"minecraft:oak_fence_gate":2,"minecraft:stone_brick_slab":12,"minecraft:iron_axe":451,"minecraft:iron_boots":4,"minecraft:bamboo":37,"minecraft:cooked_beef":3,"minecraft:cobbled_deepslate":19,"minecraft:iron_leggings":1,"minecraft:wheat_seeds":21,"minecraft:cooked_mutton":1,"minecraft:water_bucket":21,"minecraft:baked_potato":126,"minecraft:stonecutter":1,"minecraft:green_bed":3,"minecraft:leather_boots":1,"minecraft:oak_slab":27,"minecraft:crafting_table":4,"duneons:anvilwithhammer":1,"minecraft:spruce_log":118,"minecraft:purple_stained_glass":112,"minecraft:oak_log":9,"minecraft:flower_pot":1,"duneons:firepumkin":1,"minecraft:diamond_pickaxe":21,"minecraft:apple":2,"minecraft:iron_pickaxe":1891,"minecraft:leather_helmet":1,"duneons:pumpkingrassblock":3,"minecraft:spruce_sapling":33,"minecraft:stone_axe":282,"minecraft:cobblestone":298,"travelersbackpack:standard":17,"minecraft:cooked_porkchop":3,"minecraft:jungle_door":1,"minecraft:bucket":26,"minecraft:jukebox":2},"minecraft:mined":{"minecraft:dark_oak_planks":3,"eternal_tales:deepslate_chlorine_ore":2,"minecraft:jungle_leaves":4,"minecraft:obsidian":15,"minecraft:stone_brick_wall":13,"minecraft:grass_block":42,"minecraft:jungle_log":76,"minecraft:spawner":2,"botania:purple_mystical_flower":3,"minecraft:raw_iron_block":1,"minecraft:iron_ore":38,"minecraft:cobbled_deepslate":3,"minecraft:pumpkin":8,"minecraft:enchanting_table":1,"eternal_tales:chlorine_ore":2,"botania:light_blue_mystical_flower":2,"minecraft:tripwire":2,"minecraft:green_bed":2,"minecraft:orange_bed":6,"botania:orange_mystical_flower":2,"duneons:pumpkingrassblock":3,"duneons:mossdirtpumpkin":19,"minecraft:torch":13,"minecraft:poppy":18,"minecraft:melon":16,"minecraft:chest":1,"minecraft:mushroom_stem":5,"minecraft:cobblestone":133,"botania:blue_mystical_flower":3,"duneons:junglefern":1,"minecraft:sugar_cane":5,"minecraft:oak_planks":1,"eternal_tales:speech_skill_stone":3,"minecraft:wall_torch":8,"minecraft:skeleton_skull":1,"duneons:apple":3,"minecraft:jukebox":1,"minecraft:stone_brick_stairs":9,"minecraft:grass":167,"minecraft:oak_log":78,"minecraft:sand":353,"minecraft:dirt":168,"minecraft:oak_leaves":9,"minecraft:deepslate":195,"minecraft:tuff":82,"minecraft:quartz_stairs":2,"minecraft:mossy_cobblestone":4,"minecraft:deepslate_diamond_ore":2,"gravestone:gravestone":34,"minecraft:ladder":30,"eternal_tales:karst_stone":2,"minecraft:spruce_leaves":40,"eternal_tales:pyroxenite":10,"minecraft:moss_block":22,"minecraft:rooted_dirt":11,"botania:magenta_mystical_flower":1,"duneons:anvilwithhammer":1,"minecraft:furnace":7,"duneons:redstonecrystal_3":1,"minecraft:andesite":1,"minecraft:stripped_spruce_log":1,"duneons:swamplog":16,"minecraft:potatoes":83,"minecraft:deepslate_iron_ore":12,"minecraft:vine":11,"eternal_tales:limestone":4,"minecraft:bamboo":68,"minecraft:stone":1408,"botania:light_blue_double_flower":1,"eternal_tales:growing_skill_stone":1,"minecraft:podzol":1,"minecraft:oak_slab":2,"minecraft:scaffolding":13,"minecraft:stone_brick_slab":4,"vampirism:tent_main":1,"minecraft:crafting_table":3,"minecraft:emerald_ore":7,"minecraft:lectern":1,"minecraft:copper_ore":9,"minecraft:deepslate_coal_ore":1,"minecraft:coarse_dirt":20,"minecraft:ice":1,"minecraft:spruce_log":248,"botania:white_mystical_flower":1,"minecraft:coal_ore":183,"minecraft:cocoa":1,"minecraft:flower_pot":1,"minecraft:gravel":42,"minecraft:stone_bricks":12,"minecraft:fern":71},"minecraft:killed_by":{"riskofrain_mobs:stone_golem_entity":19,"minecraft:creeper":2,"minecraft:zombie":1,"minecraft:husk":1,"minecraft:enderman":1,"irons_spellbooks:necromancer":5,"riskofrain_mobs:lemurian_entity":1,"minecraft:skeleton":4},"minecraft:picked_up":{"eternal_tales:karst_stone":2,"minecraft:redstone_block":1,"minecraft:flower_pot":1,"duneons:junglefern":1,"minecraft:stone_brick_stairs":8,"botania:light_blue_double_flower":1,"minecraft:string":14,"eternal_tales:growing_skill_stone":1,"vampirism:armor_of_swiftness_head_ultimate":1,"minecraft:raw_copper":29,"eternal_tales:stress_pills":2,"minecraft:gold_nugget":7,"minecraft:cobbled_deepslate":198,"minecraft:spruce_planks":2,"minecraft:melon_slice":78,"eternal_tales:starter_kit":1,"minecraft:furnace":7,"minecraft:stick":45,"minecraft:jukebox":1,"minecraft:torch":22,"minecraft:green_bed":3,"minecraft:porkchop":6,"vampirism:amulet":2,"travelersbackpack:iron":1,"duneons:firepumkin":1,"botania:white_mystical_flower":1,"minecraft:orange_bed":6,"eternal_tales:totem_of_eternal_darkness":1,"minecraft:rotten_flesh":23,"vampirism:hunter_coat_feet_ultimate":1,"minecraft:obsidian":15,"minecraft:cobblestone":1536,"minecraft:enchanting_table":1,"vampirism:vampire_book":1,"minecraft:jungle_log":83,"duneons:mossdirtpumpkin":19,"minecraft:potato":224,"minecraft:flint":6,"minecraft:tuff":82,"eternal_tales:tea_seeds":3,"minecraft:dirt":230,"minecraft:bone":14,"minecraft:wheat_seeds":24,"botania:purple_mystical_flower":3,"minecraft:bamboo":181,"minecraft:moss_block":23,"minecraft:oak_planks":121,"minecraft:stone_hoe":1,"duneons:anvilwithhammer":1,"minecraft:cooked_porkchop":3,"duneons:beehive_chestplate":1,"minecraft:sand":352,"minecraft:jungle_planks":7,"vampirism:hunter_coat_chest_ultimate":1,"minecraft:stripped_spruce_log":1,"minecraft:mossy_cobblestone":4,"eternal_tales:ectoplasm":3,"minecraft:diamond":2,"eternal_tales:terra_shard":5,"eternal_tales:anthurium":1,"minecraft:emerald":8,"duneons:pumpkingrassblock":3,"minecraft:rooted_dirt":11,"minecraft:oak_sapling":46,"eternal_tales:raw_chlorine":5,"minecraft:crafting_table":3,"minecraft:cocoa_beans":7,"minecraft:coarse_dirt":20,"duneons:swamplog":16,"minecraft:ladder":30,"minecraft:stone_brick_wall":13,"gravestone:obituary":21,"minecraft:shield":2,"minecraft:iron_shovel":1,"botania:magenta_mystical_flower":3,"minecraft:blackstone":5,"minecraft:beef":3,"eternal_tales:limestone_rock":4,"minecraft:jungle_sapling":7,"minecraft:poppy":18,"minecraft:lectern":1,"minecraft:sugar_cane":8,"minecraft:quartz_stairs":2,"minecraft:chest":1,"minecraft:phantom_membrane":5,"minecraft:egg":5,"minecraft:raw_iron":55,"minecraft:redstone":2,"minecraft:dark_oak_planks":3,"duneons:beehive_helmet":2,"minecraft:arrow":9,"eternal_tales:pyroxenite":10,"botania:blue_mystical_flower":3,"minecraft:mutton":2,"minecraft:skeleton_skull":1,"minecraft:white_wool":1,"eternal_tales:heart_et":1,"vampirism:item_tent":1,"eternal_tales:speech_skill_stone":3,"minecraft:leather":3,"minecraft:oak_log":78,"minecraft:chainmail_chestplate":1,"vampirism:armor_of_swiftness_legs_ultimate":1,"minecraft:golden_boots":1,"minecraft:gunpowder":3,"botania:light_blue_mystical_flower":2,"minecraft:apple":6,"minecraft:stone_bricks":12,"minecraft:stone_pickaxe":2,"minecraft:iron_sword":3,"minecraft:scaffolding":42,"minecraft:oak_slab":3,"minecraft:pumpkin":8,"minecraft:stone_brick_slab":6,"minecraft:raw_iron_block":1,"minecraft:gravel":37,"minecraft:spruce_sapling":39,"minecraft:spruce_log":248,"minecraft:spider_eye":4,"eternal_tales:bronze_coin":10,"minecraft:stone_axe":1,"botania:orange_mystical_flower":2,"minecraft:baked_potato":6,"minecraft:coal":201,"minecraft:ender_pearl":1},"minecraft:crafted":{"minecraft:oak_planks":276,"travelersbackpack:iron":1,"botania:purple_petal":2,"minecraft:stone":1148,"minecraft:cooked_mutton":2,"minecraft:glass":129,"minecraft:melon_seeds":1,"minecraft:chest":6,"minecraft:stone_bricks":980,"minecraft:oak_fence":21,"minecraft:oak_slab":24,"eternal_tales:stonecute":1,"minecraft:crafting_table":2,"minecraft:spruce_planks":228,"minecraft:baked_potato":182,"minecraft:iron_helmet":1,"minecraft:purple_dye":14,"minecraft:diamond_pickaxe":1,"minecraft:shield":2,"minecraft:stick":1060,"minecraft:light_blue_dye":4,"minecraft:iron_ingot":65,"minecraft:iron_pickaxe":8,"minecraft:gold_ingot":4,"minecraft:raw_iron":9,"minecraft:redstone":9,"minecraft:jukebox":1,"minecraft:furnace":4,"botania:blue_petal":6,"minecraft:scaffolding":54,"minecraft:iron_axe":2,"minecraft:ladder":438,"minecraft:stone_pickaxe":2,"botania:light_blue_petal":4,"minecraft:cooked_beef":3,"minecraft:red_dye":18,"minecraft:purple_stained_glass":112,"minecraft:enchanting_table":1,"minecraft:iron_sword":1,"minecraft:bucket":1,"minecraft:stone_axe":1,"minecraft:jungle_planks":300,"minecraft:air":0,"minecraft:blue_dye":6,"minecraft:oak_fence_gate":2,"minecraft:jungle_door":3,"minecraft:iron_shovel":2,"minecraft:stonecutter":1,"minecraft:torch":112}},"DataVersion":3465}