{"stats":{"minecraft:custom":{"lootr:looted_stat":1,"minecraft:interact_with_furnace":23,"minecraft:mob_kills":2,"minecraft:interact_with_crafting_table":16,"minecraft:leave_game":1,"minecraft:time_since_death":4559,"minecraft:sleep_in_bed":2,"minecraft:climb_one_cm":15513,"minecraft:time_since_rest":4344,"minecraft:sprint_one_cm":125015,"minecraft:walk_one_cm":276409,"minecraft:damage_taken":1662,"minecraft:drop":10,"minecraft:damage_dealt":846,"minecraft:swim_one_cm":12413,"minecraft:player_kills":1,"minecraft:fly_one_cm":134962,"minecraft:open_chest":61,"minecraft:crouch_one_cm":7197,"minecraft:play_time":84231,"minecraft:deaths":4,"minecraft:sneak_time":3624,"minecraft:walk_under_water_one_cm":33317,"minecraft:jump":1248,"minecraft:interact_with_brewingstand":1,"minecraft:walk_on_water_one_cm":14415,"minecraft:total_world_time":84231,"minecraft:fall_one_cm":38289},"minecraft:killed":{"minecraft:witch":1,"minecraft:creeper":1},"minecraft:broken":{"minecraft:stone_pickaxe":3},"minecraft:dropped":{"minecraft:glass_bottle":2,"minecraft:mangrove_propagule":1,"eternal_tales:totem_of_eternal_darkness":1,"minecraft:torch":4,"gravestone:obituary":3,"minecraft:wooden_pickaxe":2,"vampirism:item_garlic":1},"minecraft:used":{"minecraft:water_bucket":55,"minecraft:leather_leggings":1,"minecraft:stone_sword":6,"minecraft:stone_pickaxe":409,"minecraft:baked_potato":8,"minecraft:chest":3,"minecraft:leather_chestplate":1,"minecraft:wooden_pickaxe":9,"eternal_tales:gold_lantern":4,"minecraft:stone_hoe":11,"minecraft:leather_boots":1,"minecraft:cookie":1,"minecraft:torch":4,"minecraft:dirt":22,"minecraft:crafting_table":3,"minecraft:carrot":4,"vampirism:item_tent":1,"duneons:firepumkin":1,"minecraft:apple":2,"minecraft:bread":1,"duneons:trophy_shield":1,"minecraft:leather_helmet":1,"eternal_tales:starter_kit":2,"minecraft:stone_slab":3,"minecraft:stone_axe":48,"eternal_tales:speech_skill_stone":1,"minecraft:cobblestone":18,"minecraft:furnace":1,"minecraft:bucket":56,"minecraft:potato":14,"minecraft:pointed_dripstone":3},"minecraft:mined":{"minecraft:podzol":2,"eternal_tales:gold_lantern_top":4,"minecraft:glass_pane":1,"minecraft:brewing_stand":1,"minecraft:crafting_table":2,"gravestone:gravestone":3,"minecraft:grass_block":6,"minecraft:jungle_log":5,"minecraft:stone_slab":3,"minecraft:cobblestone":3,"minecraft:copper_ore":3,"minecraft:frosted_ice":4,"minecraft:oak_planks":1,"minecraft:mangrove_propagule":1,"minecraft:rooted_dirt":1,"eternal_tales:speech_skill_stone":1,"minecraft:wall_torch":2,"minecraft:birch_log":6,"minecraft:iron_ore":9,"minecraft:spruce_log":5,"minecraft:mangrove_leaves":5,"vampirism:tent":1,"eternal_tales:gold_chain":4,"minecraft:pointed_dripstone":1,"duneons:firepumkin":1,"minecraft:oak_log":27,"minecraft:potatoes":11,"minecraft:coal_ore":43,"minecraft:vine":6,"minecraft:deepslate_iron_ore":2,"minecraft:dirt":16,"eternal_tales:chlorine_ore":7,"minecraft:stone":330,"minecraft:oak_leaves":6},"minecraft:killed_by":{"minecraft:skeleton":2,"eternal_tales:spirit":1},"minecraft:picked_up":{"minecraft:birch_log":6,"minecraft:crafting_table":2,"eternal_tales:gold_lantern":4,"vampirism:item_tent":1,"minecraft:jungle_log":4,"eternal_tales:speech_skill_stone":1,"minecraft:stone_slab":2,"minecraft:potato":25,"minecraft:potion":1,"minecraft:oak_log":26,"minecraft:brewing_stand":1,"minecraft:golden_boots":1,"minecraft:dirt":24,"minecraft:raw_copper":12,"eternal_tales:stress_pills":1,"eternal_tales:gold_chain":4,"minecraft:apple":1,"minecraft:glass_bottle":2,"minecraft:oak_planks":1,"eternal_tales:starter_kit":1,"minecraft:stick":9,"minecraft:raw_iron":12,"eternal_tales:quest_bag":1,"minecraft:torch":5,"eternal_tales:raw_quinine":1,"minecraft:cookie":1,"minecraft:pointed_dripstone":3,"minecraft:spruce_log":5,"duneons:firepumkin":1,"minecraft:sugar":3,"minecraft:rotten_flesh":2,"eternal_tales:terra_shard":2,"minecraft:bread":1,"minecraft:emerald":1,"minecraft:oak_sapling":4,"eternal_tales:raw_chlorine":17,"minecraft:coal":47,"minecraft:mangrove_propagule":1,"eternal_tales:heart_et":1,"minecraft:cobblestone":328},"minecraft:crafted":{"minecraft:crafting_table":1,"duneons:trophy_shield":1,"minecraft:baked_potato":8,"minecraft:wooden_pickaxe":1,"minecraft:furnace":1,"minecraft:stone":3,"minecraft:bucket":1,"minecraft:birch_planks":24,"minecraft:stone_axe":1,"minecraft:air":0,"minecraft:jungle_planks":16,"minecraft:stick":16,"minecraft:stone_slab":6,"minecraft:iron_ingot":10,"minecraft:stone_pickaxe":5,"minecraft:chest":3,"minecraft:torch":28,"minecraft:stone_hoe":1}},"DataVersion":3465}