{"stats":{"minecraft:broken":{"minecraft:leather_leggings":2,"minecraft:stone_pickaxe":2,"minecraft:wooden_axe":2,"duneons:beehive_helmet":1,"minecraft:stone_sword":1,"minecraft:iron_pickaxe":2,"minecraft:golden_pickaxe":1},"minecraft:custom":{"lootr:looted_stat":119,"vampirism:interact_with_altar_of_infusion":2,"minecraft:interact_with_crafting_table":61,"minecraft:open_barrel":8,"minecraft:eat_cake_slice":7,"minecraft:leave_game":25,"minecraft:time_since_death":67058,"minecraft:damage_resisted":1,"minecraft:sprint_one_cm":3246720,"minecraft:damage_blocked_by_shield":2475,"minecraft:drop":229,"minecraft:play_noteblock":11,"minecraft:talked_to_villager":6,"minecraft:play_time":1068027,"minecraft:deaths":29,"minecraft:jump":17255,"minecraft:interact_with_brewingstand":2,"minecraft:walk_on_water_one_cm":157058,"minecraft:interact_with_furnace":107,"vampirism:altar_of_inspiration_rituals_performed":35,"minecraft:interact_with_cartography_table":1,"minecraft:sleep_in_bed":14,"vampirism:actions_used":4,"vampirism:action_used_regen":4,"minecraft:open_enderchest":1,"minecraft:damage_dealt":40845,"minecraft:crouch_one_cm":18133,"minecraft:inspect_dispenser":10,"minecraft:interact_with_smithing_table":7,"minecraft:inspect_dropper":8,"minecraft:interact_with_anvil":1,"minecraft:mob_kills":247,"minecraft:damage_dealt_resisted":580,"minecraft:climb_one_cm":139796,"vampirism:amount_bitten":235,"minecraft:walk_one_cm":1943363,"vampirism:action_time_regen":1230,"vampirism:skills_unlocked":35,"vampirism:interact_with_altar_inspiration":20,"minecraft:sneak_time":8055,"minecraft:walk_under_water_one_cm":262904,"minecraft:interact_with_blast_furnace":2,"minecraft:total_world_time":1068027,"vampirism:blood_drunk":45800,"minecraft:tune_noteblock":2,"minecraft:interact_with_stonecutter":3,"minecraft:time_since_rest":39276,"vampirism:resurrected":30,"minecraft:damage_taken":219388,"minecraft:damage_absorbed":564,"minecraft:swim_one_cm":616896,"minecraft:fly_one_cm":2487572,"minecraft:open_chest":314,"minecraft:fall_one_cm":423800},"minecraft:killed":{"vampirism:vampire":6,"minecraft:cave_spider":3,"vampirism:advanced_vampire":2,"minecraft:spider":13,"duneons:sunkenskeletonyellow":2,"minecraft:skeleton":9,"minecraft:chicken":3,"irons_spellbooks:summoned_skeleton":1,"minecraft:parrot":1,"minecraft:pig":2,"minecraft:salmon":3,"riskofrain_mobs:lemurian_entity":11,"minecraft:creeper":2,"vampirism:hunter":2,"minecraft:sheep":1,"minecraft:pillager":16,"minecraft:zombie":16,"eternal_tales:spirit":5,"minecraft:glow_squid":1,"duneons:sunkenskeletonred":4,"minecraft:cow":12,"eternal_tales:sunflower_spider":3,"eternal_tales:squindine":12,"minecraft:vindicator":4,"minecraft:phantom":5,"duneons:babykeyblue":1,"minecraft:drowned":17,"minecraft:husk":4,"duneons:slimetropical":3,"minecraft:frog":1,"eternal_tales:flea":1,"duneons:wraithattack":1,"minecraft:squid":2,"eternal_tales:flower_zombie":6,"duneons:sunkenskeleton":1,"riskofrain_mobs:stone_golem_entity":2},"minecraft:picked_up":{"eternal_tales:karst_stone":8,"minecraft:iron_chestplate":1,"minecraft:redstone_block":1,"minecraft:anvil":9,"minecraft:prismarine_shard":2,"minecraft:stone_slab":5,"minecraft:potion":1,"minecraft:brewing_stand":1,"minecraft:amethyst_block":1,"minecraft:polished_deepslate":1,"eternal_tales:growing_skill_stone":1,"minecraft:string":27,"minecraft:waxed_cut_copper_slab":1,"minecraft:soul_soil":1,"minecraft:raw_copper":81,"eternal_tales:og_cave_air":1,"eternal_tales:stress_pills":23,"minecraft:beetroot_soup":2,"minecraft:sticky_piston":1,"minecraft:experience_bottle":8,"minecraft:beetroot":2,"vampirism:obi_belt":1,"minecraft:cobbled_deepslate":30,"minecraft:spruce_planks":18,"duneons:whip":1,"minecraft:waxed_exposed_cut_copper":2,"minecraft:ender_eye":4,"minecraft:melon_slice":27,"eternal_tales:starter_kit":2,"minecraft:furnace":4,"minecraft:stick":54,"minecraft:jukebox":1,"eternal_tales:quest_bag":2,"minecraft:birch_trapdoor":1,"minecraft:polished_deepslate_stairs":2,"minecraft:torch":8,"minecraft:green_bed":2,"duneons:drownedvinesvariant_2_boots":1,"eternal_tales:raw_quinine":40,"minecraft:porkchop":60,"eternal_tales:sea_chest":4,"minecraft:cherry_log":43,"minecraft:pointed_dripstone":3,"vampirism:vampire_fang":2,"vampirism:amulet":2,"minecraft:cauldron":2,"minecraft:waxed_cut_copper_stairs":1,"minecraft:orange_bed":2,"eternal_tales:totem_of_eternal_darkness":1,"minecraft:stone_sword":1,"vampirism:blood_bottle":9,"minecraft:honey_bottle":4,"minecraft:rotten_flesh":51,"minecraft:tropical_fish":2,"minecraft:iron_block":5,"minecraft:mangrove_roots":1,"minecraft:fire_coral_fan":2,"minecraft:waxed_cut_copper":3,"minecraft:obsidian":8,"minecraft:cobblestone":583,"minecraft:nautilus_shell":12,"minecraft:birch_log":64,"minecraft:leather_chestplate":1,"vampirism:vampire_book":1,"minecraft:feather":11,"minecraft:lilac":6,"minecraft:andesite":3,"minecraft:jungle_log":15,"minecraft:jungle_wood":11,"minecraft:mud_brick_stairs":2,"minecraft:potato":301,"eternal_tales:rayana_bricks":2,"travelersbackpack:ocelot":3,"eternal_tales:tea_seeds":3,"minecraft:lapis_lazuli":132,"minecraft:dirt":42,"minecraft:lantern":5,"minecraft:glass":17,"minecraft:bone":13,"minecraft:chipped_anvil":1,"minecraft:bow":3,"minecraft:wheat_seeds":6,"minecraft:raw_gold":28,"vampirism:item_garlic":1,"minecraft:mossy_stone_bricks":1,"minecraft:bamboo":17,"minecraft:moss_block":3,"minecraft:oak_planks":28,"minecraft:black_terracotta":1,"patchouli:guide_book":1,"duneons:beehive_chestplate":1,"minecraft:poisonous_potato":1,"minecraft:sand":24,"minecraft:jungle_planks":2,"minecraft:nether_brick_stairs":1,"minecraft:ink_sac":18,"minecraft:dark_oak_log":17,"eternal_tales:broken_totem_of_rash_decisions":3,"minecraft:dark_prismarine":11,"minecraft:dark_prismarine_slab":5,"minecraft:diamond":20,"eternal_tales:ectoplasm":21,"minecraft:slime_block":4,"minecraft:black_concrete":1,"waystones:waystone":1,"eternal_tales:terra_shard":9,"eternal_tales:anthurium":1,"minecraft:crossbow":3,"duneons:rapier":1,"minecraft:bone_meal":1,"minecraft:golden_apple":5,"minecraft:emerald":4,"minecraft:bread":1,"minecraft:oak_sapling":16,"minecraft:netherrack":644,"eternal_tales:raw_chlorine":25,"minecraft:crafting_table":2,"minecraft:mud":1,"minecraft:waxed_oxidized_cut_copper":7,"minecraft:coarse_dirt":3,"minecraft:chicken":8,"minecraft:rabbit_stew":1,"duneons:kelpstonebircks":2,"minecraft:stone_brick_wall":1,"minecraft:gold_block":2,"gravestone:obituary":4,"minecraft:shield":3,"minecraft:fire_coral":1,"minecraft:flint_and_steel":2,"minecraft:item_frame":19,"minecraft:blackstone":9,"travelersbackpack:pig":1,"minecraft:cracked_stone_bricks":1,"minecraft:dark_prismarine_stairs":4,"minecraft:beef":45,"duneons:bookshelfvangard":1,"eternal_tales:limestone_rock":11,"minecraft:player_head":3,"minecraft:sugar_cane":21,"minecraft:iron_nugget":2,"minecraft:poppy":5,"minecraft:light_gray_wool":1,"minecraft:spruce_slab":7,"minecraft:tinted_glass":9,"minecraft:phantom_membrane":1,"duneons:kelpstonebirckscarved":3,"minecraft:chest":18,"minecraft:birch_sapling":15,"duneons:drownedvinesvariant_2_chestplate":1,"minecraft:spruce_trapdoor":1,"minecraft:diamond_hoe":1,"minecraft:egg":7,"minecraft:dark_oak_sapling":6,"minecraft:raw_iron":120,"minecraft:raw_gold_block":4,"minecraft:copper_ingot":2,"eternal_tales:petrified_log":10,"minecraft:note_block":6,"eternal_tales:brown_clay_ball":4,"minecraft:stone_button":1,"minecraft:carrot":2,"minecraft:redstone":143,"minecraft:prismarine_crystals":4,"minecraft:dark_oak_planks":15,"botania:overgrowth_seed":1,"minecraft:tnt":16,"minecraft:arrow":25,"duneons:beehive_helmet":1,"botania:lime_mystical_flower":2,"minecraft:pumpkin_pie":2,"minecraft:tube_coral_fan":1,"minecraft:hay_block":1,"minecraft:saddle":1,"minecraft:gold_ingot":21,"minecraft:glow_berries":4,"minecraft:mutton":28,"eternal_tales:heart_et":4,"eternal_tales:rayana_glowstone":2,"minecraft:skeleton_skull":1,"minecraft:white_wool":13,"minecraft:stripped_oak_log":1,"minecraft:mud_bricks":28,"vampirism:vampire_blood_bottle":1,"minecraft:tripwire_hook":6,"minecraft:salmon":18,"minecraft:leather":29,"minecraft:birch_planks":127,"minecraft:packed_mud":21,"minecraft:oak_log":33,"duneons:gatebarsbittoff":6,"minecraft:wooden_hoe":3,"minecraft:cooked_mutton":2,"duneons:charredgrassblock":2,"vampirism:human_heart":1,"minecraft:apple":5,"minecraft:fire_coral_block":1,"eternal_tales:fireplace":1,"guideapi_vp:vampirism-guidebook":1,"minecraft:iron_ingot":1,"minecraft:iron_sword":1,"minecraft:flowering_azalea":1,"minecraft:book":48,"minecraft:dark_oak_slab":1,"minecraft:sweet_berries":2,"minecraft:stone_brick_slab":2,"duneons:dungeoncactus":1,"minecraft:dripstone_block":4,"minecraft:gravel":2,"minecraft:spruce_sapling":10,"minecraft:blast_furnace":3,"eternal_tales:ruby_shard":3,"minecraft:spruce_log":123,"minecraft:crying_obsidian":2,"minecraft:spider_eye":12,"eternal_tales:bronze_coin":37,"minecraft:painting":1,"minecraft:cherry_sapling":11,"minecraft:gray_wool":3,"minecraft:terracotta":6,"minecraft:black_wool":1,"botania:brown_mystical_flower":3,"minecraft:coal":98,"minecraft:sunflower":2},"minecraft:dropped":{"minecraft:nether_brick_stairs":1,"minecraft:moss_block":2,"minecraft:birch_planks":124,"minecraft:porkchop":7,"minecraft:lapis_lazuli":2,"vampirism:armor_of_swiftness_legs_ultimate":1,"minecraft:baked_potato":39,"minecraft:diamond":12,"minecraft:crafting_table":1,"minecraft:dark_oak_sapling":3,"duneons:charredgrassblock":2,"duneons:whip":1,"duneons:bookshelfvangard":1,"minecraft:jungle_planks":7,"minecraft:cracked_stone_bricks":1,"eternal_tales:anthurium":1,"minecraft:leather_helmet":1,"vampirism:hunter_coat_feet_ultimate":1,"vampirism:hunter_coat_chest_ultimate":1,"minecraft:dirt":2,"duneons:rapier":1,"minecraft:mutton":2,"duneons:kelpstonebircks":2,"gravestone:obituary":23,"minecraft:gold_nugget":2,"minecraft:sunflower":2,"minecraft:black_concrete":1,"minecraft:dark_oak_planks":7,"minecraft:white_wool":2,"minecraft:gold_ingot":21,"minecraft:bone":3,"minecraft:waxed_cut_copper_slab":1,"minecraft:gravel":2,"minecraft:stone_axe":1,"minecraft:mangrove_roots":1,"minecraft:iron_nugget":10,"botania:brown_mystical_flower":3,"minecraft:cobbled_deepslate":18,"eternal_tales:bronze_coin":29,"minecraft:birch_sapling":9,"minecraft:pointed_dripstone":1,"minecraft:beetroot":2,"minecraft:rotten_flesh":12,"minecraft:oak_planks":2,"minecraft:salmon":15,"minecraft:poppy":1,"minecraft:leather_chestplate":3,"minecraft:gunpowder":12,"vampirism:vampire_fang":1,"minecraft:birch_trapdoor":1,"minecraft:fire_coral_fan":2,"minecraft:leather_boots":2,"duneons:beehive_helmet":1,"minecraft:arrow":9,"minecraft:beef":5,"minecraft:egg":1,"minecraft:bread":27,"eternal_tales:stress_pills":9,"minecraft:wheat_seeds":5,"minecraft:lilac":6,"vampirism:vampire_book":1,"minecraft:cobblestone":35,"eternal_tales:starter_kit":1,"minecraft:apple":5,"minecraft:tropical_fish":2,"vampirism:amulet":1,"minecraft:coal":2,"minecraft:stick":24,"minecraft:gray_wool":1,"eternal_tales:tea_seeds":1,"eternal_tales:raw_chlorine":23,"duneons:beehive_chestplate":1,"eternal_tales:raw_quinine":37,"minecraft:paper":3,"minecraft:string":6,"minecraft:tripwire_hook":6,"minecraft:spruce_sapling":2,"minecraft:beetroot_soup":2,"minecraft:redstone":7,"minecraft:polished_deepslate":1,"minecraft:furnace":4,"minecraft:sweet_berries":2,"vampirism:armor_of_swiftness_head_ultimate":2,"minecraft:coarse_dirt":1,"minecraft:stone_sword":1,"minecraft:raw_copper":1,"eternal_tales:petrified_log":10,"minecraft:diamond_hoe":1,"minecraft:raw_iron":2,"botania:overgrowth_seed":1,"minecraft:stone_slab":5,"minecraft:polished_deepslate_stairs":2,"minecraft:flint_and_steel":1,"minecraft:hay_block":1,"minecraft:shield":2,"minecraft:spruce_planks":2,"minecraft:spruce_trapdoor":1,"duneons:kelpstonebirckscarved":3,"minecraft:fire_coral":1,"minecraft:oak_sapling":20,"minecraft:fire_coral_block":1,"minecraft:waxed_oxidized_cut_copper":1,"minecraft:spider_eye":4,"minecraft:rabbit_stew":1,"minecraft:bow":2,"minecraft:stone_pickaxe":1,"minecraft:nautilus_shell":11,"botania:lime_mystical_flower":2,"minecraft:dark_prismarine":1},"minecraft:crafted":{"minecraft:oak_planks":132,"minecraft:stone":305,"vampirism:altar_inspiration":1,"minecraft:chest":4,"minecraft:stone_bricks":216,"minecraft:glass_bottle":12,"minecraft:crafting_table":8,"minecraft:spruce_planks":496,"minecraft:wooden_pickaxe":1,"minecraft:baked_potato":89,"minecraft:copper_ingot":36,"minecraft:gold_block":10,"minecraft:birch_planks":256,"minecraft:stick":66,"minecraft:iron_ingot":222,"minecraft:iron_pickaxe":3,"minecraft:stone_sword":2,"minecraft:gold_ingot":25,"minecraft:stone_brick_wall":210,"minecraft:furnace":6,"minecraft:bone_meal":147,"minecraft:diamond_block":10,"minecraft:iron_axe":1,"minecraft:spruce_slab":48,"minecraft:stone_pickaxe":2,"minecraft:redstone_block":8,"minecraft:dark_oak_planks":4,"minecraft:crossbow":1,"minecraft:bucket":1,"minecraft:stone_axe":2,"minecraft:air":0,"minecraft:jungle_planks":76,"minecraft:gold_nugget":9,"chiselsandbits:chisel_iron":1,"minecraft:wooden_axe":4,"vampirism:blood_container":1,"minecraft:torch":48},"minecraft:mined":{"minecraft:dark_oak_planks":16,"minecraft:waxed_cut_copper_slab":1,"minecraft:dark_prismarine_stairs":5,"minecraft:spruce_planks":18,"duneons:dungeoncactus":1,"eternal_tales:cloud":13,"minecraft:black_terracotta":1,"minecraft:cherry_log":55,"minecraft:jungle_leaves":15,"minecraft:brewing_stand":1,"eternal_tales:dense_cloud":2,"minecraft:spruce_trapdoor":2,"minecraft:cave_vines_plant":1,"minecraft:stone_brick_wall":1,"minecraft:grass_block":11,"minecraft:jungle_log":15,"minecraft:soul_soil":1,"minecraft:mud_bricks":26,"minecraft:frosted_ice":18,"minecraft:spawner":4,"minecraft:tall_seagrass":2,"duneons:charredgrassblock":1,"minecraft:iron_ore":68,"minecraft:sticky_piston":1,"minecraft:fire":19,"minecraft:anvil":9,"minecraft:deepslate_lapis_ore":12,"minecraft:nether_brick_stairs":1,"minecraft:water_cauldron":2,"duneons:firepumkin":1,"minecraft:pointed_dripstone":2,"minecraft:flowering_azalea_leaves":5,"minecraft:cave_vines":2,"minecraft:iron_bars":1,"eternal_tales:chlorine_ore":9,"botania:brown_mystical_flower":3,"minecraft:iron_block":5,"minecraft:player_head":3,"minecraft:orange_bed":1,"minecraft:green_bed":3,"minecraft:spruce_slab":2,"minecraft:waxed_cut_copper_stairs":1,"minecraft:tripwire":6,"minecraft:waxed_cut_copper":4,"minecraft:deepslate_redstone_ore":7,"minecraft:polished_deepslate_stairs":2,"eternal_tales:petrified_log":11,"minecraft:clay":1,"minecraft:torch":3,"minecraft:note_block":8,"minecraft:blast_furnace":3,"minecraft:melon":5,"minecraft:chest":12,"eternal_tales:brown_clay":1,"minecraft:cobblestone":11,"minecraft:slime_block":4,"minecraft:oak_planks":13,"minecraft:sugar_cane":7,"eternal_tales:rayana_glowstone":2,"minecraft:wall_torch":1,"minecraft:amethyst_block":5,"minecraft:skeleton_skull":1,"minecraft:jungle_wood":11,"minecraft:mud":1,"minecraft:tinted_glass":10,"minecraft:birch_log":70,"minecraft:birch_trapdoor":1,"minecraft:jukebox":1,"minecraft:tnt":16,"minecraft:grass":67,"minecraft:oak_log":30,"minecraft:sand":25,"minecraft:dirt":30,"minecraft:netherrack":659,"eternal_tales:fireplace":1,"minecraft:oak_leaves":68,"minecraft:deepslate":26,"minecraft:redstone_lamp":1,"minecraft:dark_prismarine":14,"minecraft:diamond_ore":5,"minecraft:crying_obsidian":2,"minecraft:deepslate_diamond_ore":3,"duneons:kelpstonebircks":2,"minecraft:dark_oak_log":29,"minecraft:potted_flowering_azalea_bush":1,"minecraft:mangrove_roots":2,"eternal_tales:og_cave_air":1,"minecraft:glow_lichen":1,"gravestone:gravestone":29,"eternal_tales:karst_stone":8,"minecraft:jungle_planks":3,"duneons:kelpstonebirckscarved":3,"minecraft:spruce_leaves":10,"minecraft:moss_block":4,"minecraft:hay_block":4,"minecraft:large_fern":1,"minecraft:redstone_ore":15,"minecraft:packed_mud":23,"minecraft:waxed_oxidized_cut_copper":7,"minecraft:furnace":4,"minecraft:raw_gold_block":4,"minecraft:andesite":2,"minecraft:black_concrete":1,"minecraft:gold_block":2,"minecraft:polished_deepslate":1,"minecraft:bookshelf":17,"minecraft:potatoes":83,"minecraft:deepslate_iron_ore":26,"minecraft:vine":14,"minecraft:lantern":5,"minecraft:stripped_oak_log":1,"eternal_tales:rayana_bricks":1,"eternal_tales:limestone":15,"minecraft:bamboo":1,"minecraft:stone":609,"eternal_tales:growing_skill_stone":1,"minecraft:ender_chest":1,"botania:lime_mystical_flower":2,"duneons:bookshelfvangard":2,"duneons:gatebarsbittoff":6,"minecraft:crafting_table":3,"eternal_tales:anthurium":1,"minecraft:copper_ore":24,"minecraft:stone_slab":4,"minecraft:tall_grass":1,"eternal_tales:deepslate_quinine_ore":48,"minecraft:deepslate_coal_ore":8,"minecraft:lapis_ore":8,"minecraft:deepslate_gold_ore":12,"minecraft:sculk":1,"minecraft:birch_planks":3,"minecraft:coarse_dirt":3,"minecraft:spruce_log":132,"minecraft:birch_leaves":3,"minecraft:mangrove_leaves":12,"minecraft:dark_prismarine_slab":5,"minecraft:coal_ore":92,"minecraft:dripstone_block":5,"minecraft:cobweb":1,"minecraft:cracked_stone_bricks":1,"minecraft:terracotta":6,"minecraft:stone_bricks":8,"minecraft:mossy_stone_bricks":1,"minecraft:gold_ore":11,"minecraft:chipped_anvil":1,"minecraft:waxed_exposed_cut_copper":3,"minecraft:fern":26},"minecraft:killed_by":{"riskofrain_mobs:stone_golem_entity":4,"minecraft:pillager":3,"minecraft:vindicator":3,"minecraft:player":1,"minecraft:spider":1,"riskofrain_mobs:lemurian_entity":2,"minecraft:skeleton":1,"minecraft:phantom":1,"irons_spellbooks:archevoker":5},"minecraft:used":{"minecraft:waxed_exposed_cut_copper":1,"minecraft:iron_shovel":30,"minecraft:spruce_slab":5,"minecraft:chest":16,"minecraft:shield":42,"minecraft:stone":10,"minecraft:rotten_flesh":1,"duneons:dungeoncactus":1,"travelersbackpack:pig":8,"minecraft:jungle_planks":20,"minecraft:lantern":1,"minecraft:packed_mud":13,"minecraft:dark_oak_slab":1,"minecraft:stone_bricks":1,"minecraft:furnace":6,"minecraft:egg":2,"minecraft:potato":159,"minecraft:mossy_stone_bricks":1,"minecraft:leather_leggings":1,"minecraft:oak_planks":40,"minecraft:stone_pickaxe":306,"minecraft:blackstone":3,"minecraft:wooden_pickaxe":35,"minecraft:leather_chestplate":1,"eternal_tales:stress_pills":10,"minecraft:diamond_axe":3,"duneons:rapier":402,"minecraft:cookie":3,"minecraft:golden_apple":30,"minecraft:white_wool":2,"minecraft:glow_berries":7,"minecraft:crossbow":2,"minecraft:stone_brick_wall":136,"minecraft:dripstone_block":1,"duneons:beehive_chestplate":1,"minecraft:melon_slice":8,"minecraft:bread":8,"eternal_tales:starter_kit":1,"duneons:gatebarsbittoff":2,"minecraft:coarse_dirt":2,"minecraft:golden_pickaxe":32,"minecraft:bone_meal":147,"minecraft:stone_sword":269,"minecraft:stone_shovel":18,"minecraft:spruce_planks":312,"minecraft:tinted_glass":5,"minecraft:netherrack":221,"minecraft:orange_bed":2,"minecraft:torch":55,"minecraft:dirt":9,"minecraft:anvil":1,"minecraft:mud_brick_stairs":2,"minecraft:dark_oak_planks":1,"minecraft:wooden_axe":171,"minecraft:waxed_cut_copper":1,"minecraft:iron_axe":104,"minecraft:jungle_log":6,"minecraft:mud_bricks":13,"duneons:beehive_helmet":1,"minecraft:light_gray_wool":1,"travelersbackpack:ocelot":4,"minecraft:cobbled_deepslate":2,"minecraft:cooked_mutton":1,"minecraft:water_bucket":2,"minecraft:iron_ore":20,"duneons:whip":2,"vampirism:altar_inspiration":1,"minecraft:birch_planks":121,"minecraft:baked_potato":54,"minecraft:waxed_oxidized_cut_copper":6,"minecraft:green_bed":2,"minecraft:leather_boots":1,"minecraft:salmon":1,"minecraft:jungle_wood":1,"minecraft:terracotta":6,"minecraft:crafting_table":9,"minecraft:dark_prismarine":2,"minecraft:mud":1,"minecraft:diamond_pickaxe":865,"minecraft:iron_pickaxe":644,"minecraft:map":1,"minecraft:leather_helmet":1,"eternal_tales:og_cave_air":1,"minecraft:stone_axe":133,"minecraft:cobblestone":250,"minecraft:potion":5,"minecraft:porkchop":1,"minecraft:bucket":1,"minecraft:jukebox":1}},"DataVersion":3465}