{"stats":{"minecraft:custom":{"lootr:looted_stat":36,"vampirism:interact_with_altar_of_infusion":2,"minecraft:interact_with_crafting_table":47,"minecraft:open_barrel":3,"minecraft:leave_game":14,"minecraft:time_since_death":99243,"minecraft:damage_resisted":1,"minecraft:sprint_one_cm":1532763,"minecraft:damage_blocked_by_shield":2280,"minecraft:drop":114,"minecraft:play_time":570822,"minecraft:deaths":16,"minecraft:jump":7361,"minecraft:walk_on_water_one_cm":106504,"minecraft:interact_with_furnace":96,"minecraft:interact_with_cartography_table":1,"minecraft:sleep_in_bed":11,"minecraft:damage_dealt":26263,"minecraft:crouch_one_cm":6588,"minecraft:inspect_dispenser":10,"minecraft:interact_with_smithing_table":1,"minecraft:inspect_dropper":8,"minecraft:mob_kills":149,"minecraft:damage_dealt_resisted":275,"minecraft:climb_one_cm":75770,"vampirism:amount_bitten":96,"minecraft:walk_one_cm":1071215,"vampirism:skills_unlocked":10,"minecraft:sneak_time":3031,"minecraft:walk_under_water_one_cm":170219,"minecraft:interact_with_blast_furnace":1,"minecraft:total_world_time":570822,"vampirism:blood_drunk":14200,"minecraft:time_since_rest":99341,"vampirism:resurrected":19,"minecraft:damage_taken":110462,"minecraft:swim_one_cm":327360,"minecraft:fly_one_cm":927582,"minecraft:open_chest":188,"minecraft:fall_one_cm":183888},"minecraft:killed":{"vampirism:vampire":3,"minecraft:cave_spider":3,"vampirism:advanced_vampire":1,"minecraft:spider":11,"duneons:sunkenskeletonyellow":2,"minecraft:skeleton":7,"minecraft:chicken":3,"minecraft:pig":2,"riskofrain_mobs:lemurian_entity":5,"minecraft:salmon":3,"minecraft:creeper":2,"minecraft:sheep":1,"minecraft:pillager":16,"minecraft:zombie":14,"eternal_tales:spirit":2,"minecraft:glow_squid":1,"duneons:sunkenskeletonred":4,"minecraft:cow":12,"eternal_tales:squindine":1,"minecraft:vindicator":4,"minecraft:phantom":3,"minecraft:drowned":14,"minecraft:husk":1,"duneons:slimetropical":3,"minecraft:frog":1,"minecraft:squid":2,"eternal_tales:flower_zombie":3,"duneons:sunkenskeleton":1,"riskofrain_mobs:stone_golem_entity":2},"minecraft:broken":{"minecraft:leather_leggings":2,"minecraft:stone_pickaxe":2,"minecraft:stone_sword":1,"minecraft:iron_pickaxe":2,"minecraft:golden_pickaxe":1},"minecraft:dropped":{"minecraft:moss_block":2,"minecraft:lapis_lazuli":2,"vampirism:armor_of_swiftness_legs_ultimate":1,"minecraft:baked_potato":39,"minecraft:crafting_table":1,"duneons:charredgrassblock":2,"duneons:bookshelfvangard":1,"eternal_tales:anthurium":1,"minecraft:leather_helmet":1,"vampirism:hunter_coat_feet_ultimate":1,"vampirism:hunter_coat_chest_ultimate":1,"minecraft:dirt":1,"gravestone:obituary":11,"minecraft:bone":3,"minecraft:stone_axe":1,"minecraft:mangrove_roots":1,"minecraft:iron_nugget":2,"minecraft:cobbled_deepslate":18,"botania:brown_mystical_flower":3,"minecraft:pointed_dripstone":1,"minecraft:rotten_flesh":11,"minecraft:salmon":15,"minecraft:poppy":1,"minecraft:leather_chestplate":3,"minecraft:fire_coral_fan":2,"minecraft:leather_boots":2,"duneons:beehive_helmet":1,"minecraft:arrow":4,"eternal_tales:stress_pills":9,"minecraft:wheat_seeds":4,"vampirism:vampire_book":1,"minecraft:cobblestone":35,"eternal_tales:starter_kit":1,"minecraft:apple":2,"vampirism:amulet":1,"minecraft:coal":2,"minecraft:stick":3,"eternal_tales:raw_chlorine":23,"duneons:beehive_chestplate":1,"eternal_tales:raw_quinine":37,"minecraft:paper":3,"minecraft:string":2,"minecraft:redstone":7,"minecraft:furnace":4,"vampirism:armor_of_swiftness_head_ultimate":1,"minecraft:stone_sword":1,"minecraft:raw_copper":1,"eternal_tales:petrified_log":10,"minecraft:stone_slab":5,"minecraft:shield":2,"minecraft:fire_coral":1,"minecraft:fire_coral_block":1,"minecraft:oak_sapling":6,"minecraft:spider_eye":1,"minecraft:bow":2,"minecraft:stone_pickaxe":1,"botania:lime_mystical_flower":2},"minecraft:used":{"minecraft:chest":12,"minecraft:shield":41,"minecraft:stone":10,"minecraft:rotten_flesh":1,"duneons:dungeoncactus":1,"minecraft:jungle_planks":15,"minecraft:lantern":1,"minecraft:stone_bricks":1,"minecraft:furnace":6,"minecraft:egg":1,"minecraft:potato":159,"minecraft:mossy_stone_bricks":1,"minecraft:leather_leggings":1,"minecraft:stone_pickaxe":306,"minecraft:blackstone":3,"minecraft:wooden_pickaxe":35,"minecraft:leather_chestplate":1,"eternal_tales:stress_pills":10,"minecraft:diamond_axe":3,"duneons:rapier":177,"minecraft:cookie":3,"minecraft:golden_apple":2,"minecraft:glow_berries":7,"minecraft:crossbow":1,"minecraft:stone_brick_wall":136,"minecraft:dripstone_block":1,"duneons:beehive_chestplate":1,"minecraft:melon_slice":8,"minecraft:bread":8,"eternal_tales:starter_kit":1,"duneons:gatebarsbittoff":2,"minecraft:golden_pickaxe":32,"minecraft:bone_meal":147,"minecraft:stone_sword":269,"minecraft:stone_shovel":18,"minecraft:spruce_planks":217,"minecraft:orange_bed":2,"minecraft:torch":55,"minecraft:dirt":2,"minecraft:jungle_log":6,"duneons:beehive_helmet":1,"minecraft:cobbled_deepslate":2,"minecraft:cooked_mutton":1,"minecraft:water_bucket":1,"minecraft:iron_ore":11,"duneons:whip":1,"minecraft:baked_potato":54,"minecraft:green_bed":2,"minecraft:leather_boots":1,"minecraft:salmon":1,"minecraft:crafting_table":4,"minecraft:mud":1,"minecraft:iron_pickaxe":643,"minecraft:map":1,"minecraft:leather_helmet":1,"eternal_tales:og_cave_air":1,"minecraft:stone_axe":133,"minecraft:cobblestone":186,"minecraft:porkchop":1,"minecraft:jukebox":1},"minecraft:mined":{"minecraft:dark_oak_planks":1,"minecraft:spruce_planks":15,"duneons:dungeoncactus":1,"minecraft:jungle_leaves":9,"minecraft:grass_block":8,"minecraft:stone_brick_wall":1,"minecraft:jungle_log":15,"minecraft:frosted_ice":18,"minecraft:spawner":3,"minecraft:tall_seagrass":2,"duneons:charredgrassblock":1,"minecraft:iron_ore":67,"minecraft:sticky_piston":1,"minecraft:fire":17,"minecraft:deepslate_lapis_ore":12,"minecraft:anvil":9,"duneons:firepumkin":1,"minecraft:pointed_dripstone":2,"eternal_tales:chlorine_ore":9,"botania:brown_mystical_flower":3,"minecraft:iron_block":5,"minecraft:spruce_slab":2,"minecraft:tripwire":6,"minecraft:green_bed":3,"minecraft:orange_bed":1,"minecraft:deepslate_redstone_ore":7,"eternal_tales:petrified_log":11,"minecraft:torch":3,"minecraft:melon":5,"minecraft:chest":12,"minecraft:cobblestone":11,"minecraft:sugar_cane":3,"eternal_tales:rayana_glowstone":2,"minecraft:wall_torch":1,"minecraft:jungle_wood":7,"minecraft:mud":1,"minecraft:jukebox":1,"minecraft:tnt":16,"minecraft:grass":56,"minecraft:dirt":26,"eternal_tales:fireplace":1,"minecraft:oak_leaves":26,"minecraft:deepslate":26,"minecraft:diamond_ore":5,"minecraft:deepslate_diamond_ore":3,"minecraft:mangrove_roots":2,"eternal_tales:og_cave_air":1,"minecraft:glow_lichen":1,"gravestone:gravestone":16,"eternal_tales:karst_stone":8,"minecraft:jungle_planks":3,"minecraft:moss_block":4,"minecraft:redstone_ore":15,"minecraft:furnace":4,"minecraft:andesite":2,"minecraft:gold_block":2,"minecraft:bookshelf":16,"minecraft:potatoes":83,"minecraft:deepslate_iron_ore":26,"minecraft:vine":14,"minecraft:lantern":5,"minecraft:stripped_oak_log":1,"eternal_tales:rayana_bricks":1,"eternal_tales:limestone":15,"minecraft:bamboo":1,"minecraft:stone":530,"eternal_tales:growing_skill_stone":1,"botania:lime_mystical_flower":2,"duneons:bookshelfvangard":2,"duneons:gatebarsbittoff":6,"minecraft:crafting_table":3,"eternal_tales:anthurium":1,"minecraft:stone_slab":4,"eternal_tales:deepslate_quinine_ore":48,"minecraft:tall_grass":1,"minecraft:copper_ore":24,"minecraft:deepslate_coal_ore":8,"minecraft:lapis_ore":8,"minecraft:deepslate_gold_ore":12,"minecraft:spruce_log":69,"minecraft:birch_leaves":2,"minecraft:mangrove_leaves":12,"minecraft:coal_ore":92,"minecraft:dripstone_block":5,"minecraft:cobweb":1,"minecraft:stone_bricks":4,"minecraft:mossy_stone_bricks":1,"minecraft:chipped_anvil":1,"minecraft:gold_ore":11,"minecraft:fern":25},"minecraft:killed_by":{"riskofrain_mobs:stone_golem_entity":3,"minecraft:pillager":3,"minecraft:vindicator":2,"minecraft:player":1,"minecraft:spider":1,"riskofrain_mobs:lemurian_entity":2,"minecraft:skeleton":1,"minecraft:phantom":1},"minecraft:picked_up":{"eternal_tales:karst_stone":8,"minecraft:iron_chestplate":1,"minecraft:redstone_block":1,"minecraft:anvil":9,"minecraft:stone_slab":5,"eternal_tales:growing_skill_stone":1,"minecraft:string":20,"minecraft:raw_copper":81,"eternal_tales:og_cave_air":1,"eternal_tales:stress_pills":23,"minecraft:sticky_piston":1,"minecraft:experience_bottle":8,"vampirism:obi_belt":1,"minecraft:cobbled_deepslate":30,"minecraft:spruce_planks":15,"duneons:whip":1,"minecraft:melon_slice":27,"eternal_tales:starter_kit":2,"minecraft:furnace":4,"minecraft:stick":3,"minecraft:jukebox":1,"eternal_tales:quest_bag":2,"minecraft:torch":8,"minecraft:green_bed":2,"duneons:drownedvinesvariant_2_boots":1,"minecraft:porkchop":26,"eternal_tales:raw_quinine":40,"eternal_tales:sea_chest":1,"minecraft:pointed_dripstone":3,"vampirism:vampire_fang":1,"vampirism:amulet":2,"minecraft:orange_bed":2,"eternal_tales:totem_of_eternal_darkness":1,"minecraft:stone_sword":1,"vampirism:blood_bottle":2,"minecraft:rotten_flesh":36,"minecraft:iron_block":5,"minecraft:mangrove_roots":1,"minecraft:fire_coral_fan":2,"minecraft:cobblestone":514,"minecraft:nautilus_shell":1,"vampirism:vampire_book":1,"minecraft:leather_chestplate":1,"minecraft:feather":10,"minecraft:andesite":3,"minecraft:jungle_log":15,"minecraft:jungle_wood":7,"minecraft:potato":301,"eternal_tales:rayana_bricks":2,"minecraft:lantern":5,"minecraft:lapis_lazuli":132,"minecraft:dirt":34,"minecraft:bone":9,"minecraft:chipped_anvil":1,"minecraft:bow":3,"minecraft:wheat_seeds":5,"minecraft:raw_gold":28,"vampirism:item_garlic":1,"minecraft:mossy_stone_bricks":1,"minecraft:bamboo":17,"minecraft:moss_block":3,"patchouli:guide_book":1,"duneons:beehive_chestplate":1,"minecraft:poisonous_potato":1,"minecraft:jungle_planks":2,"minecraft:ink_sac":2,"eternal_tales:broken_totem_of_rash_decisions":3,"eternal_tales:ectoplasm":10,"minecraft:diamond":8,"eternal_tales:terra_shard":4,"eternal_tales:anthurium":1,"minecraft:crossbow":3,"minecraft:bone_meal":1,"minecraft:emerald":4,"minecraft:bread":1,"minecraft:oak_sapling":2,"eternal_tales:raw_chlorine":25,"minecraft:mud":1,"minecraft:crafting_table":2,"minecraft:chicken":7,"minecraft:stone_brick_wall":1,"minecraft:gold_block":2,"gravestone:obituary":3,"minecraft:shield":2,"minecraft:fire_coral":1,"minecraft:blackstone":9,"minecraft:beef":29,"duneons:bookshelfvangard":1,"eternal_tales:limestone_rock":11,"minecraft:iron_nugget":2,"minecraft:poppy":3,"minecraft:spruce_slab":2,"minecraft:sugar_cane":12,"minecraft:chest":18,"duneons:drownedvinesvariant_2_chestplate":1,"minecraft:egg":2,"minecraft:raw_iron":117,"eternal_tales:petrified_log":10,"minecraft:stone_button":1,"minecraft:redstone":99,"minecraft:prismarine_crystals":1,"minecraft:dark_oak_planks":1,"minecraft:tnt":16,"duneons:beehive_helmet":1,"minecraft:arrow":8,"botania:lime_mystical_flower":2,"minecraft:tube_coral_fan":1,"minecraft:saddle":1,"minecraft:glow_berries":4,"minecraft:mutton":14,"eternal_tales:rayana_glowstone":2,"minecraft:white_wool":5,"eternal_tales:heart_et":3,"minecraft:stripped_oak_log":1,"vampirism:vampire_blood_bottle":1,"minecraft:salmon":17,"minecraft:leather":15,"minecraft:oak_log":3,"duneons:gatebarsbittoff":6,"minecraft:wooden_hoe":3,"minecraft:cooked_mutton":1,"duneons:charredgrassblock":2,"minecraft:apple":2,"minecraft:fire_coral_block":1,"eternal_tales:fireplace":1,"guideapi_vp:vampirism-guidebook":1,"minecraft:iron_ingot":1,"minecraft:iron_sword":1,"minecraft:book":48,"duneons:dungeoncactus":1,"minecraft:dripstone_block":4,"eternal_tales:ruby_shard":3,"minecraft:spruce_log":64,"minecraft:spider_eye":7,"eternal_tales:bronze_coin":7,"minecraft:gray_wool":2,"minecraft:black_wool":1,"minecraft:coal":98,"botania:brown_mystical_flower":3},"minecraft:crafted":{"minecraft:oak_planks":12,"minecraft:stone":296,"minecraft:chest":2,"minecraft:stone_bricks":216,"minecraft:crafting_table":3,"minecraft:spruce_planks":260,"minecraft:wooden_pickaxe":1,"minecraft:baked_potato":89,"minecraft:copper_ingot":36,"minecraft:stick":42,"minecraft:iron_ingot":191,"minecraft:iron_pickaxe":3,"minecraft:stone_sword":2,"minecraft:gold_ingot":12,"minecraft:stone_brick_wall":210,"minecraft:furnace":6,"minecraft:bone_meal":147,"minecraft:spruce_slab":48,"minecraft:stone_pickaxe":2,"minecraft:crossbow":1,"minecraft:stone_axe":2,"minecraft:jungle_planks":64,"minecraft:air":0,"minecraft:gold_nugget":9,"chiselsandbits:chisel_iron":1,"minecraft:torch":48}},"DataVersion":3465}