{"stats":{"minecraft:killed":{"minecraft:cave_spider":3,"minecraft:vindicator":4,"minecraft:chicken":1,"minecraft:drowned":1,"riskofrain_mobs:lemurian_entity":2,"eternal_tales:flower_zombie":1,"minecraft:zombie":1,"riskofrain_mobs:stone_golem_entity":1},"minecraft:killed_by":{"riskofrain_mobs:stone_golem_entity":1,"minecraft:spider":1,"minecraft:pillager":1,"minecraft:vindicator":2,"riskofrain_mobs:lemurian_entity":1,"minecraft:skeleton":1},"minecraft:dropped":{"vampirism:armor_of_swiftness_legs_ultimate":1,"minecraft:baked_potato":6,"vampirism:vampire_book":1,"minecraft:crafting_table":1,"eternal_tales:starter_kit":1,"vampirism:amulet":1,"minecraft:coal":2,"vampirism:hunter_coat_feet_ultimate":1,"vampirism:hunter_coat_chest_ultimate":1,"minecraft:stick":3,"gravestone:obituary":6,"minecraft:redstone":5,"minecraft:furnace":4,"vampirism:armor_of_swiftness_head_ultimate":1,"minecraft:stone_sword":1,"minecraft:leather_chestplate":1,"minecraft:leather_boots":1,"minecraft:spider_eye":1},"minecraft:used":{"minecraft:stone_sword":84,"minecraft:stone_shovel":15,"minecraft:spruce_planks":13,"minecraft:chest":5,"minecraft:shield":3,"minecraft:orange_bed":2,"minecraft:torch":5,"minecraft:lantern":1,"minecraft:jungle_log":6,"minecraft:furnace":1,"minecraft:potato":67,"minecraft:cooked_mutton":1,"minecraft:leather_leggings":1,"minecraft:baked_potato":16,"minecraft:leather_chestplate":1,"minecraft:wooden_pickaxe":22,"minecraft:green_bed":2,"minecraft:leather_boots":1,"minecraft:cookie":3,"minecraft:glow_berries":7,"minecraft:crafting_table":1,"minecraft:melon_slice":8,"minecraft:bread":8,"minecraft:iron_pickaxe":150,"eternal_tales:starter_kit":1,"minecraft:leather_helmet":1,"minecraft:stone_axe":118,"minecraft:cobblestone":1,"minecraft:bone_meal":18},"minecraft:mined":{"minecraft:spruce_planks":15,"gravestone:gravestone":7,"minecraft:grass_block":1,"minecraft:jungle_planks":2,"minecraft:jungle_log":7,"minecraft:spawner":3,"minecraft:furnace":4,"minecraft:iron_ore":16,"duneons:firepumkin":1,"minecraft:bookshelf":14,"minecraft:potatoes":18,"minecraft:deepslate_iron_ore":1,"minecraft:vine":4,"minecraft:lantern":5,"eternal_tales:rayana_bricks":1,"minecraft:bamboo":1,"minecraft:stone":94,"minecraft:spruce_slab":2,"minecraft:green_bed":3,"minecraft:tripwire":6,"minecraft:orange_bed":1,"minecraft:crafting_table":1,"minecraft:torch":1,"minecraft:melon":2,"minecraft:chest":11,"minecraft:stone_slab":4,"minecraft:copper_ore":2,"minecraft:deepslate_coal_ore":8,"minecraft:sugar_cane":3,"eternal_tales:rayana_glowstone":2,"minecraft:spruce_log":69,"minecraft:birch_leaves":2,"minecraft:grass":15,"minecraft:coal_ore":27,"minecraft:dirt":16,"minecraft:cobweb":1,"eternal_tales:fireplace":1,"minecraft:chipped_anvil":1,"minecraft:oak_leaves":8,"minecraft:fern":4},"minecraft:custom":{"lootr:looted_stat":11,"minecraft:inspect_dropper":8,"minecraft:mob_kills":14,"minecraft:interact_with_crafting_table":5,"minecraft:leave_game":7,"minecraft:time_since_death":27875,"minecraft:climb_one_cm":6547,"minecraft:sprint_one_cm":410849,"minecraft:walk_one_cm":343911,"minecraft:damage_blocked_by_shield":120,"minecraft:drop":28,"minecraft:play_time":160060,"minecraft:deaths":7,"minecraft:sneak_time":160,"minecraft:walk_under_water_one_cm":14856,"minecraft:jump":1891,"minecraft:walk_on_water_one_cm":47929,"minecraft:total_world_time":160060,"minecraft:interact_with_furnace":23,"minecraft:sleep_in_bed":10,"minecraft:time_since_rest":2008,"minecraft:damage_taken":3074,"minecraft:damage_dealt":3307,"minecraft:swim_one_cm":33180,"minecraft:fly_one_cm":297800,"minecraft:open_chest":45,"minecraft:crouch_one_cm":712,"minecraft:fall_one_cm":40607,"minecraft:inspect_dispenser":10},"minecraft:crafted":{"minecraft:oak_planks":12,"minecraft:furnace":1,"minecraft:bone_meal":147,"minecraft:crafting_table":1,"minecraft:baked_potato":18,"minecraft:air":0,"minecraft:jungle_planks":4,"minecraft:stick":9,"minecraft:iron_pickaxe":1,"minecraft:torch":16},"minecraft:picked_up":{"minecraft:iron_chestplate":1,"minecraft:crafting_table":1,"minecraft:chicken":1,"minecraft:stone_slab":5,"gravestone:obituary":1,"minecraft:shield":1,"minecraft:string":10,"minecraft:blackstone":3,"minecraft:spruce_planks":15,"minecraft:poppy":1,"minecraft:spruce_slab":2,"minecraft:sugar_cane":6,"minecraft:melon_slice":11,"minecraft:chest":11,"duneons:drownedvinesvariant_2_chestplate":1,"eternal_tales:starter_kit":2,"minecraft:furnace":4,"minecraft:stick":3,"minecraft:raw_iron":17,"minecraft:torch":2,"minecraft:green_bed":2,"duneons:drownedvinesvariant_2_boots":1,"vampirism:amulet":1,"eternal_tales:totem_of_eternal_darkness":1,"minecraft:orange_bed":2,"minecraft:rotten_flesh":3,"minecraft:stone_sword":1,"eternal_tales:heart_et":1,"minecraft:glow_berries":4,"eternal_tales:rayana_glowstone":2,"minecraft:cobblestone":101,"vampirism:vampire_book":1,"minecraft:jungle_log":7,"minecraft:potato":70,"eternal_tales:rayana_bricks":1,"minecraft:oak_log":3,"minecraft:dirt":17,"minecraft:wooden_hoe":3,"minecraft:lantern":5,"minecraft:cooked_mutton":1,"minecraft:chipped_anvil":1,"eternal_tales:fireplace":1,"minecraft:bamboo":14,"minecraft:book":42,"minecraft:jungle_planks":1,"minecraft:spruce_log":64,"eternal_tales:broken_totem_of_rash_decisions":1,"minecraft:spider_eye":2,"eternal_tales:bronze_coin":1,"eternal_tales:terra_shard":1,"minecraft:emerald":2,"minecraft:bread":1,"minecraft:coal":36}},"DataVersion":3465}