{"stats":{"minecraft:custom":{"lootr:looted_stat":12,"minecraft:inspect_dropper":8,"minecraft:mob_kills":35,"minecraft:interact_with_crafting_table":20,"minecraft:damage_resisted":1,"minecraft:leave_game":8,"minecraft:time_since_death":134490,"minecraft:climb_one_cm":21818,"vampirism:amount_bitten":45,"minecraft:sprint_one_cm":713506,"minecraft:walk_one_cm":553051,"minecraft:damage_blocked_by_shield":165,"minecraft:drop":64,"vampirism:skills_unlocked":1,"minecraft:play_time":266675,"minecraft:deaths":7,"minecraft:sneak_time":718,"minecraft:walk_under_water_one_cm":60010,"minecraft:jump":3385,"minecraft:walk_on_water_one_cm":69791,"minecraft:total_world_time":266675,"vampirism:blood_drunk":500,"minecraft:interact_with_furnace":41,"minecraft:sleep_in_bed":11,"minecraft:time_since_rest":101772,"vampirism:resurrected":1,"minecraft:damage_taken":4916,"minecraft:damage_dealt":7246,"minecraft:swim_one_cm":85158,"minecraft:fly_one_cm":483536,"minecraft:open_chest":49,"minecraft:crouch_one_cm":1308,"minecraft:fall_one_cm":76492,"minecraft:inspect_dispenser":10},"minecraft:killed":{"vampirism:vampire":1,"minecraft:cave_spider":3,"minecraft:vindicator":4,"minecraft:chicken":1,"minecraft:drowned":9,"minecraft:husk":1,"minecraft:salmon":2,"riskofrain_mobs:lemurian_entity":2,"minecraft:frog":1,"minecraft:squid":1,"eternal_tales:flower_zombie":2,"minecraft:zombie":5,"eternal_tales:spirit":1,"riskofrain_mobs:stone_golem_entity":1},"minecraft:broken":{"minecraft:stone_sword":1,"minecraft:leather_leggings":1,"minecraft:iron_pickaxe":1,"minecraft:golden_pickaxe":1},"minecraft:dropped":{"minecraft:wheat_seeds":4,"vampirism:armor_of_swiftness_legs_ultimate":1,"minecraft:baked_potato":39,"vampirism:vampire_book":1,"minecraft:crafting_table":1,"eternal_tales:starter_kit":1,"minecraft:apple":2,"eternal_tales:anthurium":1,"vampirism:amulet":1,"minecraft:coal":2,"vampirism:hunter_coat_feet_ultimate":1,"vampirism:hunter_coat_chest_ultimate":1,"minecraft:stick":3,"eternal_tales:raw_chlorine":1,"gravestone:obituary":6,"minecraft:redstone":7,"minecraft:furnace":4,"minecraft:stone_axe":1,"vampirism:armor_of_swiftness_head_ultimate":1,"minecraft:stone_sword":1,"botania:brown_mystical_flower":3,"minecraft:raw_copper":1,"minecraft:rotten_flesh":8,"minecraft:poppy":1,"minecraft:leather_chestplate":1,"minecraft:leather_boots":1,"minecraft:oak_sapling":1,"minecraft:spider_eye":1,"botania:lime_mystical_flower":2},"minecraft:used":{"minecraft:stone_sword":169,"minecraft:stone_shovel":18,"minecraft:spruce_planks":13,"minecraft:chest":5,"minecraft:shield":5,"minecraft:stone":10,"minecraft:rotten_flesh":1,"minecraft:orange_bed":2,"minecraft:torch":15,"minecraft:dirt":2,"minecraft:jungle_planks":15,"minecraft:lantern":1,"minecraft:jungle_log":6,"minecraft:furnace":2,"minecraft:egg":1,"minecraft:potato":159,"minecraft:cooked_mutton":1,"minecraft:mossy_stone_bricks":1,"minecraft:leather_leggings":1,"minecraft:stone_pickaxe":22,"minecraft:baked_potato":54,"minecraft:leather_chestplate":1,"minecraft:wooden_pickaxe":22,"minecraft:green_bed":2,"minecraft:leather_boots":1,"minecraft:salmon":1,"minecraft:cookie":3,"minecraft:glow_berries":7,"minecraft:crafting_table":3,"minecraft:stone_brick_wall":60,"minecraft:mud":1,"minecraft:melon_slice":8,"minecraft:bread":8,"minecraft:iron_pickaxe":250,"eternal_tales:starter_kit":1,"minecraft:leather_helmet":1,"minecraft:stone_axe":121,"minecraft:cobblestone":9,"minecraft:golden_pickaxe":32,"minecraft:jukebox":1,"minecraft:bone_meal":147},"minecraft:mined":{"minecraft:spruce_planks":15,"minecraft:jungle_leaves":3,"gravestone:gravestone":7,"minecraft:grass_block":3,"minecraft:jungle_planks":3,"minecraft:jungle_log":15,"minecraft:frosted_ice":15,"minecraft:spawner":3,"minecraft:tall_seagrass":1,"minecraft:furnace":4,"minecraft:iron_ore":16,"minecraft:gold_block":2,"duneons:firepumkin":1,"minecraft:bookshelf":14,"minecraft:potatoes":83,"minecraft:deepslate_iron_ore":1,"minecraft:vine":9,"minecraft:lantern":5,"eternal_tales:rayana_bricks":1,"botania:brown_mystical_flower":3,"minecraft:bamboo":1,"minecraft:stone":205,"eternal_tales:growing_skill_stone":1,"minecraft:spruce_slab":2,"minecraft:green_bed":3,"minecraft:tripwire":6,"minecraft:orange_bed":1,"botania:lime_mystical_flower":2,"minecraft:crafting_table":3,"minecraft:torch":2,"eternal_tales:anthurium":1,"minecraft:melon":5,"minecraft:chest":11,"minecraft:stone_slab":4,"minecraft:copper_ore":2,"minecraft:deepslate_coal_ore":8,"minecraft:sugar_cane":3,"eternal_tales:rayana_glowstone":2,"minecraft:wall_torch":1,"minecraft:mud":1,"minecraft:jukebox":1,"minecraft:spruce_log":69,"minecraft:birch_leaves":2,"minecraft:grass":46,"minecraft:coal_ore":66,"minecraft:dirt":16,"minecraft:cobweb":1,"minecraft:mossy_stone_bricks":1,"eternal_tales:fireplace":1,"minecraft:chipped_anvil":1,"minecraft:oak_leaves":14,"minecraft:fern":20},"minecraft:killed_by":{"riskofrain_mobs:stone_golem_entity":1,"minecraft:spider":1,"minecraft:pillager":1,"minecraft:vindicator":2,"riskofrain_mobs:lemurian_entity":1,"minecraft:skeleton":1},"minecraft:picked_up":{"minecraft:mud":1,"minecraft:iron_chestplate":1,"minecraft:crafting_table":2,"minecraft:chicken":1,"minecraft:stone_slab":5,"minecraft:gold_block":2,"gravestone:obituary":1,"minecraft:shield":1,"eternal_tales:growing_skill_stone":1,"minecraft:string":10,"minecraft:raw_copper":1,"eternal_tales:stress_pills":2,"minecraft:blackstone":3,"minecraft:spruce_planks":15,"minecraft:poppy":2,"minecraft:spruce_slab":2,"minecraft:sugar_cane":6,"minecraft:melon_slice":27,"minecraft:chest":11,"duneons:drownedvinesvariant_2_chestplate":1,"minecraft:egg":1,"eternal_tales:starter_kit":2,"minecraft:furnace":4,"minecraft:stick":3,"minecraft:raw_iron":20,"minecraft:jukebox":1,"eternal_tales:quest_bag":2,"minecraft:torch":7,"minecraft:green_bed":2,"duneons:drownedvinesvariant_2_boots":1,"eternal_tales:raw_quinine":3,"vampirism:amulet":1,"minecraft:redstone":2,"eternal_tales:totem_of_eternal_darkness":1,"minecraft:orange_bed":2,"minecraft:rotten_flesh":27,"minecraft:stone_sword":1,"botania:lime_mystical_flower":2,"minecraft:mutton":2,"minecraft:white_wool":1,"eternal_tales:heart_et":2,"minecraft:glow_berries":4,"eternal_tales:rayana_glowstone":2,"minecraft:cobblestone":206,"vampirism:vampire_book":1,"minecraft:salmon":1,"minecraft:jungle_log":15,"minecraft:potato":301,"eternal_tales:rayana_bricks":1,"minecraft:oak_log":3,"minecraft:lapis_lazuli":2,"minecraft:dirt":19,"minecraft:wooden_hoe":3,"minecraft:lantern":5,"minecraft:cooked_mutton":1,"minecraft:chipped_anvil":1,"minecraft:wheat_seeds":4,"eternal_tales:fireplace":1,"minecraft:raw_gold":4,"minecraft:mossy_stone_bricks":1,"minecraft:bamboo":17,"minecraft:iron_sword":1,"minecraft:book":42,"minecraft:poisonous_potato":1,"minecraft:jungle_planks":2,"minecraft:ink_sac":2,"eternal_tales:ruby_shard":3,"minecraft:spruce_log":64,"eternal_tales:broken_totem_of_rash_decisions":1,"minecraft:spider_eye":2,"eternal_tales:bronze_coin":4,"eternal_tales:ectoplasm":5,"eternal_tales:terra_shard":3,"eternal_tales:anthurium":1,"minecraft:emerald":4,"minecraft:bread":1,"minecraft:oak_sapling":1,"eternal_tales:raw_chlorine":3,"botania:brown_mystical_flower":3,"minecraft:coal":76},"minecraft:crafted":{"minecraft:oak_planks":12,"minecraft:stone_brick_wall":60,"minecraft:furnace":2,"minecraft:stone":110,"minecraft:bone_meal":147,"minecraft:stone_pickaxe":2,"minecraft:stone_bricks":64,"minecraft:crafting_table":2,"minecraft:baked_potato":89,"minecraft:stone_axe":1,"minecraft:air":0,"minecraft:jungle_planks":36,"minecraft:stick":38,"chiselsandbits:chisel_iron":1,"minecraft:iron_ingot":1,"minecraft:iron_pickaxe":1,"minecraft:stone_sword":1,"minecraft:torch":48}},"DataVersion":3465}