{"stats":{"minecraft:custom":{"minecraft:interact_with_smithing_table":1,"lootr:looted_stat":23,"minecraft:mob_kills":29,"minecraft:interact_with_crafting_table":36,"minecraft:damage_dealt_resisted":277,"minecraft:leave_game":8,"minecraft:time_since_death":38382,"minecraft:climb_one_cm":74721,"minecraft:sprint_one_cm":932724,"minecraft:walk_one_cm":1052315,"minecraft:damage_blocked_by_shield":1260,"minecraft:drop":67,"minecraft:play_time":331280,"minecraft:sneak_time":6522,"minecraft:deaths":17,"minecraft:walk_under_water_one_cm":67806,"minecraft:jump":5478,"minecraft:walk_on_water_one_cm":50299,"minecraft:total_world_time":331280,"minecraft:interact_with_furnace":48,"minecraft:pot_flower":2,"minecraft:sleep_in_bed":3,"minecraft:time_since_rest":38445,"minecraft:damage_taken":9368,"minecraft:damage_dealt":7063,"minecraft:swim_one_cm":137465,"minecraft:open_chest":150,"minecraft:fly_one_cm":859715,"minecraft:crouch_one_cm":24569,"minecraft:fall_one_cm":166083,"minecraft:inspect_dispenser":2},"minecraft:killed_by":{"minecraft:husk":5,"riskofrain_mobs:stone_golem_entity":1,"minecraft:player":2,"minecraft:creeper":1,"minecraft:drowned":4,"riskofrain_mobs:lemurian_entity":2},"minecraft:used":{"minecraft:oak_fence":37,"minecraft:iron_shovel":94,"minecraft:stone_sword":107,"minecraft:flint_and_steel":1,"minecraft:stone_shovel":255,"minecraft:chest":6,"minecraft:shield":20,"eternal_tales:gold_lantern":3,"minecraft:iron_sword":67,"minecraft:rotten_flesh":7,"minecraft:iron_chestplate":1,"minecraft:orange_bed":5,"minecraft:torch":121,"minecraft:dirt":406,"minecraft:tuff":2,"minecraft:oak_fence_gate":2,"minecraft:iron_axe":438,"minecraft:oak_stairs":16,"minecraft:jungle_log":1,"minecraft:light_blue_bed":2,"minecraft:iron_boots":1,"eternal_tales:stonecute":1,"minecraft:sweet_berries":10,"minecraft:oak_sapling":51,"minecraft:furnace":1,"minecraft:potato":24,"minecraft:iron_leggings":1,"minecraft:golden_boots":1,"minecraft:iron_ore":91,"minecraft:damaged_anvil":1,"duneons:whip":15,"minecraft:cobblestone_stairs":73,"duneons:charredgrassblock":1,"minecraft:stone_pickaxe":409,"minecraft:baked_potato":51,"minecraft:oak_planks":290,"minecraft:blackstone":27,"minecraft:wooden_pickaxe":3,"botania:brown_mystical_flower":1,"eternal_tales:stress_pills":1,"minecraft:green_bed":1,"minecraft:leather_boots":1,"minecraft:lime_terracotta":2,"minecraft:crafting_table":7,"minecraft:oak_log":159,"duneons:firepumkin":3,"minecraft:apple":2,"minecraft:flower_pot":2,"minecraft:melon_slice":105,"minecraft:bread":5,"minecraft:iron_pickaxe":1300,"eternal_tales:starter_kit":1,"minecraft:stone_axe":411,"minecraft:golden_helmet":1,"eternal_tales:eternal_banner":1,"travelersbackpack:standard":2,"minecraft:cobblestone":262,"minecraft:white_banner":1,"minecraft:andesite":1,"minecraft:pumpkin_pie":12,"minecraft:coarse_dirt":3},"minecraft:dropped":{"minecraft:wheat_seeds":5,"duneons:charredgrassblock":3,"minecraft:feather":2,"minecraft:jungle_planks":3,"eternal_tales:anthurium":1,"duneons:dungeonscharreddirt":4,"vampirism:amulet":1,"minecraft:stick":10,"minecraft:cobblestone_stairs":16,"eternal_tales:totem_of_eternal_darkness":1,"minecraft:melon_slice":14,"gravestone:obituary":18,"minecraft:gold_nugget":8,"minecraft:bone_block":2,"minecraft:sunflower":1,"eternal_tales:brown_mushroom_et":1,"vampirism:ring":1,"minecraft:iron_shovel":1,"minecraft:bone":4,"minecraft:furnace":1,"minecraft:iron_nugget":3,"minecraft:andesite_slab":1,"minecraft:rotten_flesh":4,"minecraft:grindstone":1,"eternal_tales:journal":1,"vampirism:blood_bottle":2,"guideapi_vp:vampirism-guidebook":1,"patchouli:guide_book":1,"minecraft:flint_and_steel":1,"minecraft:stone":81,"minecraft:shield":1,"minecraft:flower_pot":1,"botania:mana_bottle":2,"minecraft:arrow":1,"eternal_tales:gold_lantern":2},"minecraft:broken":{"minecraft:golden_boots":1,"minecraft:leather_leggings":1,"minecraft:stone_pickaxe":2,"minecraft:iron_axe":1,"minecraft:leather_boots":1,"minecraft:stone_axe":3,"minecraft:iron_pickaxe":5,"minecraft:stone_shovel":1},"minecraft:picked_up":{"minecraft:cocoa_beans":13,"minecraft:coarse_dirt":3,"minecraft:crafting_table":5,"minecraft:chicken":1,"minecraft:flower_pot":5,"eternal_tales:stonecute":1,"minecraft:stone_slab":2,"gravestone:obituary":3,"botania:light_blue_mushroom":1,"botania:light_blue_double_flower":1,"duneons:coin":3,"minecraft:raw_copper":28,"eternal_tales:stress_pills":1,"minecraft:blackstone":45,"botania:light_gray_double_flower":1,"minecraft:cobbled_deepslate":44,"minecraft:spruce_planks":1,"duneons:whip":1,"eternal_tales:limestone_rock":4,"minecraft:jungle_sapling":6,"minecraft:iron_nugget":1,"minecraft:poppy":2,"minecraft:melon_slice":199,"minecraft:furnace":1,"eternal_tales:karst_stone_bricks":1,"minecraft:phantom_membrane":1,"eternal_tales:starter_kit":1,"minecraft:egg":1,"minecraft:stick":127,"minecraft:raw_iron":97,"minecraft:stone":1,"eternal_tales:quest_bag":1,"minecraft:oak_fence":20,"minecraft:torch":45,"botania:mana_bottle":1,"minecraft:green_bed":1,"eternal_tales:raw_quinine":1,"minecraft:cookie":1,"vampirism:amulet":1,"minecraft:light_blue_bed":1,"duneons:firepumkin":5,"minecraft:orange_bed":6,"eternal_tales:brown_mushroom_et":1,"minecraft:arrow":2,"minecraft:rotten_flesh":16,"botania:lime_mystical_flower":1,"minecraft:red_tulip":2,"minecraft:cobblestone":1252,"minecraft:bone_block":2,"eternal_tales:heart_et":1,"duneons:dungeonscharreddirt":7,"eternal_tales:gold_lantern":10,"minecraft:magma_block":8,"minecraft:feather":2,"minecraft:salmon":6,"minecraft:andesite":9,"minecraft:jungle_log":76,"minecraft:jungle_wood":1,"minecraft:potato":73,"minecraft:oak_log":437,"minecraft:golden_boots":1,"minecraft:cobblestone_stairs":19,"minecraft:lapis_lazuli":30,"minecraft:dirt":427,"minecraft:white_banner":1,"botania:black_mystical_flower":1,"botania:light_blue_mystical_flower":1,"eternal_tales:gold_chain":1,"minecraft:leather_boots":1,"duneons:charredgrassblock":4,"minecraft:bone":6,"minecraft:apple":20,"minecraft:wheat_seeds":8,"minecraft:orange_tulip":2,"botania:pink_mystical_flower":2,"minecraft:raw_gold":2,"minecraft:grindstone":1,"minecraft:oak_fence_gate":1,"minecraft:bamboo":14,"minecraft:moss_block":2,"minecraft:oak_planks":83,"minecraft:smooth_basalt":4,"minecraft:sweet_berries":14,"vampirism:ring":1,"minecraft:lime_terracotta":2,"minecraft:jungle_planks":3,"eternal_tales:ruby_shard":3,"minecraft:oxidized_cut_copper_slab":1,"minecraft:spider_eye":1,"eternal_tales:eternal_banner":1,"eternal_tales:bronze_coin":4,"travelersbackpack:standard":1,"minecraft:diamond":14,"minecraft:stone_axe":1,"minecraft:soul_lantern":3,"eternal_tales:terra_shard":4,"eternal_tales:emerald_lamp":8,"eternal_tales:anthurium":1,"minecraft:emerald":2,"minecraft:bread":27,"minecraft:baked_potato":57,"minecraft:oak_sapling":183,"minecraft:damaged_anvil":1,"botania:brown_mystical_flower":1,"minecraft:coal":152,"eternal_tales:raw_chlorine":2,"minecraft:andesite_slab":1,"minecraft:sunflower":1},"minecraft:mined":{"minecraft:dark_oak_planks":2,"duneons:bluevangardvase":1,"minecraft:spruce_planks":1,"minecraft:oak_sapling":11,"minecraft:deepslate_diamond_ore":13,"minecraft:cobblestone_stairs":19,"minecraft:jungle_leaves":16,"gravestone:gravestone":13,"botania:light_blue_mushroom":1,"minecraft:grass_block":104,"minecraft:jungle_planks":3,"minecraft:jungle_log":64,"minecraft:spruce_leaves":5,"minecraft:moss_block":3,"minecraft:sandstone":1,"minecraft:tall_seagrass":1,"minecraft:magma_block":11,"duneons:charredgrassblock":4,"eternal_tales:karst_stone_bricks":1,"minecraft:furnace":1,"minecraft:iron_ore":81,"minecraft:fire":1,"minecraft:andesite":9,"minecraft:deepslate_lapis_ore":4,"eternal_tales:gold_chain":1,"duneons:firepumkin":4,"minecraft:potatoes":22,"minecraft:vine":8,"minecraft:deepslate_iron_ore":15,"minecraft:oxidized_cut_copper_slab":1,"eternal_tales:limestone":4,"botania:brown_mystical_flower":1,"minecraft:bamboo":2,"minecraft:stone":1213,"botania:light_blue_double_flower":1,"botania:light_blue_mystical_flower":1,"minecraft:bone_block":2,"minecraft:potted_orange_tulip":2,"minecraft:orange_bed":6,"minecraft:green_bed":1,"minecraft:podzol":1,"eternal_tales:eternal_banner":1,"eternal_tales:speech_skill_stone_active":1,"botania:lime_mystical_flower":1,"eternal_tales:gold_lantern_top":8,"minecraft:blackstone":42,"minecraft:powder_snow":7,"minecraft:soul_lantern":3,"minecraft:oak_fence":20,"minecraft:torch":12,"minecraft:crafting_table":4,"eternal_tales:emerald_lamp":8,"minecraft:melon":43,"minecraft:andesite_slab":1,"minecraft:stone_slab":3,"minecraft:copper_ore":9,"minecraft:cobblestone":40,"botania:light_gray_double_flower":1,"minecraft:grindstone":1,"botania:black_mystical_flower":1,"minecraft:oak_planks":83,"minecraft:damaged_anvil":1,"minecraft:wall_torch":30,"eternal_tales:brown_mushroom_et":1,"minecraft:seagrass":1,"botania:pink_mystical_flower":2,"minecraft:coarse_dirt":3,"minecraft:jungle_wood":1,"minecraft:light_blue_bed":1,"minecraft:sweet_berry_bush":8,"minecraft:grass":31,"minecraft:coal_ore":136,"minecraft:oak_log":450,"minecraft:lime_terracotta":2,"minecraft:oak_fence_gate":1,"minecraft:flower_pot":1,"minecraft:dirt":280,"minecraft:smooth_basalt":4,"eternal_tales:catching_skill_stone_active":1,"minecraft:potted_red_tulip":2,"duneons:dungeonscharreddirt":7,"minecraft:deepslate":44,"minecraft:oak_leaves":53,"minecraft:fern":14},"minecraft:killed":{"minecraft:phantom":1,"minecraft:skeleton":3,"minecraft:husk":1,"riskofrain_mobs:lemurian_entity":4,"minecraft:salmon":6,"minecraft:frog":2,"eternal_tales:flea":1,"eternal_tales:flower_zombie":2,"minecraft:pillager":3,"minecraft:zombie":5},"minecraft:crafted":{"minecraft:oak_planks":424,"minecraft:stone_shovel":1,"minecraft:furnace":1,"minecraft:cobblestone_stairs":80,"minecraft:stone":80,"minecraft:iron_boots":1,"minecraft:iron_axe":3,"minecraft:stone_pickaxe":5,"minecraft:chest":6,"botania:light_blue_petal":4,"minecraft:oak_fence":18,"minecraft:crafting_table":3,"minecraft:iron_helmet":1,"minecraft:iron_sword":1,"minecraft:stone_axe":2,"minecraft:air":0,"minecraft:jungle_planks":4,"minecraft:oak_fence_gate":1,"minecraft:iron_chestplate":1,"minecraft:shield":2,"minecraft:stick":17,"minecraft:light_blue_dye":1,"minecraft:iron_ingot":91,"minecraft:iron_pickaxe":6,"minecraft:oak_stairs":16,"minecraft:light_blue_bed":1,"minecraft:iron_leggings":1,"minecraft:gold_ingot":11,"minecraft:torch":140}},"DataVersion":3465}