{"stats":{"minecraft:custom":{"lootr:looted_stat":1,"minecraft:mob_kills":16,"minecraft:interact_with_crafting_table":19,"minecraft:damage_dealt_resisted":277,"minecraft:leave_game":1,"minecraft:time_since_death":11618,"minecraft:climb_one_cm":11527,"minecraft:sprint_one_cm":294370,"minecraft:walk_one_cm":432322,"minecraft:damage_blocked_by_shield":210,"minecraft:drop":20,"minecraft:play_time":131638,"minecraft:deaths":8,"minecraft:sneak_time":2344,"minecraft:walk_under_water_one_cm":45646,"minecraft:jump":2036,"minecraft:walk_on_water_one_cm":33984,"minecraft:total_world_time":131638,"minecraft:interact_with_furnace":9,"minecraft:pot_flower":2,"minecraft:time_since_rest":11645,"minecraft:damage_taken":4501,"minecraft:damage_dealt":3585,"minecraft:swim_one_cm":90403,"minecraft:fly_one_cm":285096,"minecraft:open_chest":44,"minecraft:crouch_one_cm":4800,"minecraft:fall_one_cm":52168},"minecraft:killed":{"minecraft:husk":1,"riskofrain_mobs:lemurian_entity":4,"minecraft:salmon":6,"minecraft:frog":1,"eternal_tales:flea":1,"eternal_tales:flower_zombie":1,"minecraft:zombie":1},"minecraft:broken":{"minecraft:golden_boots":1,"minecraft:leather_leggings":1,"minecraft:stone_pickaxe":2,"minecraft:stone_axe":2,"minecraft:stone_shovel":1},"minecraft:dropped":{"minecraft:wheat_seeds":4,"duneons:charredgrassblock":1,"eternal_tales:anthurium":1,"eternal_tales:totem_of_eternal_darkness":1,"gravestone:obituary":7,"minecraft:sunflower":1,"eternal_tales:brown_mushroom_et":1,"minecraft:andesite_slab":1,"minecraft:rotten_flesh":3,"eternal_tales:journal":1,"guideapi_vp:vampirism-guidebook":1,"patchouli:guide_book":1,"minecraft:flower_pot":1},"minecraft:mined":{"minecraft:oak_sapling":11,"minecraft:cobblestone_stairs":3,"minecraft:jungle_leaves":2,"gravestone:gravestone":8,"minecraft:grass_block":70,"minecraft:jungle_log":64,"minecraft:tall_seagrass":1,"duneons:charredgrassblock":2,"eternal_tales:karst_stone_bricks":1,"minecraft:iron_ore":12,"minecraft:andesite":8,"eternal_tales:gold_chain":1,"duneons:firepumkin":1,"minecraft:vine":7,"eternal_tales:limestone":4,"botania:brown_mystical_flower":1,"minecraft:bamboo":2,"botania:light_blue_double_flower":1,"minecraft:stone":414,"botania:light_blue_mystical_flower":1,"minecraft:potted_orange_tulip":2,"minecraft:green_bed":1,"minecraft:orange_bed":3,"eternal_tales:speech_skill_stone_active":1,"eternal_tales:eternal_banner":1,"eternal_tales:gold_lantern_top":8,"minecraft:oak_fence":20,"minecraft:crafting_table":4,"minecraft:torch":9,"minecraft:melon":38,"minecraft:andesite_slab":1,"minecraft:stone_slab":2,"minecraft:copper_ore":5,"minecraft:cobblestone":21,"eternal_tales:brown_mushroom_et":1,"minecraft:wall_torch":8,"botania:pink_mystical_flower":2,"minecraft:seagrass":1,"minecraft:coarse_dirt":3,"minecraft:grass":21,"minecraft:coal_ore":34,"minecraft:oak_log":122,"minecraft:oak_fence_gate":1,"minecraft:flower_pot":1,"minecraft:dirt":197,"minecraft:potted_red_tulip":2,"eternal_tales:catching_skill_stone_active":1,"duneons:dungeonscharreddirt":3,"minecraft:fern":7,"minecraft:oak_leaves":28},"minecraft:used":{"minecraft:oak_fence":37,"minecraft:stone_sword":98,"minecraft:flint_and_steel":1,"minecraft:stone_shovel":255,"minecraft:chest":4,"minecraft:shield":1,"eternal_tales:gold_lantern":2,"minecraft:iron_sword":2,"minecraft:orange_bed":3,"minecraft:torch":46,"minecraft:dirt":273,"minecraft:oak_fence_gate":2,"minecraft:jungle_log":1,"minecraft:furnace":1,"minecraft:oak_sapling":26,"minecraft:golden_boots":1,"minecraft:cobblestone_stairs":73,"duneons:charredgrassblock":1,"minecraft:stone_pickaxe":389,"minecraft:baked_potato":41,"minecraft:oak_planks":13,"botania:brown_mystical_flower":1,"minecraft:wooden_pickaxe":3,"minecraft:green_bed":1,"minecraft:crafting_table":6,"minecraft:oak_log":12,"duneons:firepumkin":1,"minecraft:flower_pot":2,"minecraft:apple":2,"minecraft:melon_slice":14,"minecraft:iron_pickaxe":142,"eternal_tales:starter_kit":1,"minecraft:golden_helmet":1,"minecraft:stone_axe":305,"eternal_tales:eternal_banner":1,"minecraft:cobblestone":53,"minecraft:andesite":1,"minecraft:coarse_dirt":3},"minecraft:killed_by":{"minecraft:husk":3,"minecraft:player":2,"minecraft:creeper":1,"minecraft:drowned":2},"minecraft:picked_up":{"minecraft:cocoa_beans":13,"minecraft:coarse_dirt":3,"minecraft:crafting_table":5,"minecraft:flower_pot":5,"minecraft:stone_slab":2,"gravestone:obituary":1,"botania:light_blue_double_flower":1,"minecraft:raw_copper":14,"eternal_tales:limestone_rock":4,"minecraft:jungle_sapling":6,"minecraft:poppy":1,"minecraft:melon_slice":176,"eternal_tales:karst_stone_bricks":1,"eternal_tales:starter_kit":1,"minecraft:stick":49,"minecraft:raw_iron":12,"eternal_tales:quest_bag":1,"minecraft:oak_fence":20,"minecraft:torch":20,"minecraft:green_bed":1,"eternal_tales:raw_quinine":1,"minecraft:cookie":1,"duneons:firepumkin":1,"minecraft:orange_bed":3,"eternal_tales:brown_mushroom_et":1,"minecraft:rotten_flesh":9,"minecraft:red_tulip":2,"minecraft:cobblestone":434,"duneons:dungeonscharreddirt":3,"eternal_tales:gold_lantern":8,"minecraft:jungle_log":76,"minecraft:salmon":6,"minecraft:andesite":8,"minecraft:oak_log":117,"minecraft:golden_boots":1,"minecraft:cobblestone_stairs":3,"minecraft:lapis_lazuli":2,"minecraft:dirt":313,"botania:light_blue_mystical_flower":1,"eternal_tales:gold_chain":1,"duneons:charredgrassblock":2,"minecraft:apple":5,"botania:pink_mystical_flower":2,"minecraft:orange_tulip":2,"minecraft:wheat_seeds":5,"minecraft:raw_gold":2,"minecraft:oak_fence_gate":1,"minecraft:bamboo":14,"eternal_tales:ruby_shard":3,"eternal_tales:eternal_banner":1,"eternal_tales:bronze_coin":2,"minecraft:stone_axe":1,"eternal_tales:terra_shard":2,"eternal_tales:anthurium":1,"minecraft:emerald":2,"minecraft:baked_potato":55,"minecraft:oak_sapling":67,"botania:brown_mystical_flower":1,"minecraft:coal":36,"eternal_tales:raw_chlorine":2,"minecraft:andesite_slab":1,"minecraft:sunflower":1},"minecraft:crafted":{"minecraft:oak_planks":124,"minecraft:stone_shovel":1,"minecraft:furnace":1,"minecraft:cobblestone_stairs":80,"minecraft:stone_pickaxe":4,"minecraft:chest":4,"minecraft:oak_fence":18,"minecraft:crafting_table":2,"minecraft:iron_sword":1,"minecraft:stone_axe":1,"minecraft:air":0,"minecraft:oak_fence_gate":1,"minecraft:shield":1,"minecraft:stick":17,"minecraft:iron_ingot":12,"minecraft:iron_pickaxe":1,"minecraft:torch":44}},"DataVersion":3465}