{"stats":{"minecraft:broken":{"minecraft:golden_boots":1,"minecraft:leather_leggings":1,"minecraft:stone_pickaxe":2,"minecraft:stone_axe":3,"minecraft:stone_shovel":1,"minecraft:iron_axe":3,"minecraft:leather_boots":1,"minecraft:iron_pickaxe":7},"minecraft:custom":{"lootr:looted_stat":24,"minecraft:interact_with_crafting_table":41,"minecraft:leave_game":10,"minecraft:time_since_death":60664,"minecraft:damage_resisted":56,"minecraft:sprint_one_cm":1210823,"minecraft:damage_blocked_by_shield":1605,"minecraft:drop":80,"minecraft:play_time":429739,"minecraft:deaths":21,"minecraft:jump":7094,"minecraft:walk_on_water_one_cm":51983,"minecraft:interact_with_furnace":62,"minecraft:sleep_in_bed":5,"minecraft:damage_dealt":9314,"minecraft:crouch_one_cm":26621,"minecraft:inspect_dispenser":2,"minecraft:interact_with_smithing_table":1,"minecraft:mob_kills":39,"minecraft:interact_with_anvil":1,"minecraft:damage_dealt_resisted":317,"minecraft:climb_one_cm":117802,"minecraft:walk_one_cm":1414201,"minecraft:sneak_time":7200,"minecraft:walk_under_water_one_cm":69357,"minecraft:total_world_time":429739,"minecraft:pot_flower":2,"minecraft:time_since_rest":29800,"minecraft:damage_taken":12266,"minecraft:swim_one_cm":154715,"minecraft:fly_one_cm":1108846,"minecraft:open_chest":197,"minecraft:fall_one_cm":226665},"minecraft:killed":{"minecraft:spider":1,"minecraft:skeleton":5,"minecraft:zombie_villager":1,"riskofrain_mobs:lemurian_entity":4,"minecraft:salmon":6,"minecraft:pillager":3,"minecraft:zombie":8,"minecraft:phantom":1,"minecraft:husk":1,"minecraft:frog":2,"eternal_tales:flea":1,"eternal_tales:flower_zombie":3,"riskofrain_mobs:stone_golem_entity":1},"minecraft:picked_up":{"minecraft:flower_pot":5,"minecraft:stone_slab":2,"botania:light_blue_mushroom":1,"botania:light_blue_double_flower":1,"minecraft:string":1,"duneons:coin":3,"minecraft:raw_copper":46,"eternal_tales:stress_pills":1,"botania:light_gray_double_flower":1,"minecraft:cobbled_deepslate":44,"minecraft:spruce_planks":1,"duneons:whip":1,"minecraft:melon_slice":199,"eternal_tales:karst_stone_bricks":1,"eternal_tales:starter_kit":1,"minecraft:furnace":1,"minecraft:stick":135,"eternal_tales:quest_bag":1,"minecraft:oak_fence":20,"minecraft:torch":58,"minecraft:green_bed":1,"eternal_tales:raw_quinine":1,"vampirism:amulet":1,"duneons:firepumkin":6,"minecraft:orange_bed":7,"minecraft:rotten_flesh":21,"minecraft:red_tulip":2,"minecraft:cobblestone":1769,"minecraft:magma_block":8,"eternal_tales:gold_lantern":10,"minecraft:feather":2,"minecraft:andesite":9,"minecraft:jungle_log":76,"minecraft:jungle_wood":1,"minecraft:potato":73,"eternal_tales:rayana_bricks":5,"minecraft:lapis_lazuli":30,"minecraft:dirt":563,"minecraft:leather_boots":1,"eternal_tales:gold_chain":1,"minecraft:bone":7,"botania:pink_mystical_flower":2,"minecraft:orange_tulip":2,"minecraft:wheat_seeds":10,"minecraft:raw_gold":2,"minecraft:grindstone":1,"minecraft:bamboo":23,"minecraft:moss_block":4,"minecraft:oak_planks":217,"vampirism:ring":1,"minecraft:lime_terracotta":2,"minecraft:jungle_planks":3,"minecraft:oxidized_cut_copper_slab":2,"eternal_tales:eternal_banner":1,"minecraft:diamond":14,"minecraft:soul_lantern":3,"eternal_tales:terra_shard":4,"eternal_tales:anthurium":1,"minecraft:bread":27,"minecraft:emerald":2,"minecraft:oak_sapling":196,"eternal_tales:raw_chlorine":2,"minecraft:andesite_slab":1,"duneons:bamboo_fire_pillar":4,"minecraft:cocoa_beans":13,"minecraft:crafting_table":5,"minecraft:coarse_dirt":3,"minecraft:chicken":1,"duneons:swamplog":5,"eternal_tales:stonecute":1,"gravestone:obituary":4,"minecraft:iron_axe":1,"minecraft:blackstone":49,"eternal_tales:limestone_rock":4,"minecraft:jungle_sapling":6,"minecraft:iron_nugget":1,"minecraft:poppy":3,"minecraft:phantom_membrane":1,"minecraft:egg":1,"minecraft:raw_iron":97,"minecraft:stone":1,"botania:mana_bottle":1,"duneons:statue_ocelot":3,"minecraft:cookie":1,"minecraft:light_blue_bed":2,"eternal_tales:brown_mushroom_et":1,"minecraft:arrow":2,"botania:lime_mystical_flower":1,"minecraft:bone_block":2,"eternal_tales:heart_et":2,"minecraft:stripped_oak_log":104,"duneons:dungeonscharreddirt":7,"minecraft:salmon":6,"minecraft:oak_log":496,"minecraft:golden_boots":1,"minecraft:cobblestone_stairs":19,"minecraft:white_banner":1,"botania:light_blue_mystical_flower":1,"botania:black_mystical_flower":1,"duneons:charredgrassblock":4,"minecraft:apple":21,"minecraft:oak_fence_gate":1,"minecraft:scaffolding":2,"minecraft:oak_slab":2,"minecraft:smooth_basalt":4,"minecraft:sweet_berries":14,"duneons:stonebrickmossy":1,"eternal_tales:ruby_shard":3,"minecraft:spider_eye":2,"eternal_tales:bronze_coin":4,"travelersbackpack:standard":1,"minecraft:stone_axe":1,"eternal_tales:emerald_lamp":22,"minecraft:iron_helmet":2,"minecraft:baked_potato":57,"minecraft:damaged_anvil":1,"minecraft:coal":158,"botania:brown_mystical_flower":1,"minecraft:sunflower":1},"minecraft:dropped":{"minecraft:glass_bottle":1,"duneons:charredgrassblock":3,"minecraft:oxidized_cut_copper_slab":1,"minecraft:jungle_planks":3,"eternal_tales:anthurium":1,"minecraft:cobblestone_stairs":16,"eternal_tales:totem_of_eternal_darkness":1,"gravestone:obituary":22,"minecraft:gold_nugget":8,"minecraft:bone_block":2,"minecraft:sunflower":1,"minecraft:bone":4,"minecraft:iron_nugget":3,"minecraft:andesite_slab":1,"minecraft:rotten_flesh":4,"minecraft:grindstone":1,"vampirism:blood_bottle":2,"guideapi_vp:vampirism-guidebook":1,"patchouli:guide_book":1,"minecraft:arrow":1,"eternal_tales:gold_lantern":2,"minecraft:oak_slab":2,"minecraft:wheat_seeds":7,"minecraft:iron_helmet":1,"minecraft:feather":2,"duneons:dungeonscharreddirt":4,"vampirism:amulet":1,"minecraft:coal":1,"minecraft:stick":10,"minecraft:melon_slice":14,"minecraft:iron_axe":1,"eternal_tales:brown_mushroom_et":1,"vampirism:ring":1,"minecraft:iron_shovel":1,"minecraft:furnace":1,"eternal_tales:journal":1,"minecraft:flint_and_steel":1,"minecraft:stone":81,"minecraft:shield":1,"minecraft:flower_pot":1,"botania:mana_bottle":2},"minecraft:crafted":{"minecraft:oak_planks":560,"minecraft:stone":80,"minecraft:cobblestone_stairs":80,"minecraft:iron_boots":1,"minecraft:chest":6,"minecraft:oak_fence":18,"minecraft:oak_slab":36,"minecraft:crafting_table":3,"minecraft:iron_helmet":1,"botania:lime_petal":2,"minecraft:lime_bed":2,"minecraft:iron_chestplate":1,"minecraft:shield":2,"minecraft:stick":17,"minecraft:light_blue_dye":1,"minecraft:iron_ingot":91,"minecraft:iron_pickaxe":7,"minecraft:light_blue_bed":1,"minecraft:gold_ingot":11,"minecraft:stone_shovel":1,"minecraft:furnace":1,"minecraft:iron_axe":4,"minecraft:lime_dye":2,"minecraft:stone_pickaxe":5,"botania:light_blue_petal":4,"minecraft:iron_sword":1,"minecraft:stone_axe":2,"minecraft:jungle_planks":4,"minecraft:air":0,"minecraft:oak_fence_gate":1,"minecraft:oak_stairs":20,"minecraft:iron_leggings":1,"minecraft:torch":140},"minecraft:mined":{"minecraft:dark_oak_planks":2,"minecraft:spruce_planks":1,"minecraft:oak_sapling":11,"eternal_tales:cloud":2,"minecraft:cobblestone_stairs":19,"duneons:statue_ocelot":3,"minecraft:jungle_leaves":18,"botania:light_blue_mushroom":1,"minecraft:grass_block":155,"minecraft:jungle_log":64,"minecraft:tall_seagrass":1,"minecraft:magma_block":11,"duneons:charredgrassblock":4,"minecraft:iron_ore":81,"minecraft:fire":1,"minecraft:deepslate_lapis_ore":4,"duneons:firepumkin":5,"botania:brown_mystical_flower":1,"botania:light_blue_mystical_flower":1,"minecraft:potted_orange_tulip":2,"minecraft:green_bed":1,"minecraft:orange_bed":7,"eternal_tales:speech_skill_stone_active":1,"eternal_tales:gold_lantern_top":8,"minecraft:blackstone":42,"minecraft:soul_lantern":3,"minecraft:powder_snow":7,"minecraft:torch":17,"minecraft:melon":43,"minecraft:cobblestone":42,"minecraft:grindstone":1,"minecraft:damaged_anvil":1,"minecraft:oak_planks":217,"botania:light_gray_double_flower":1,"eternal_tales:brown_mushroom_et":1,"minecraft:wall_torch":36,"botania:black_mystical_flower":1,"minecraft:seagrass":1,"minecraft:jungle_wood":1,"minecraft:grass":35,"minecraft:oak_log":516,"minecraft:oak_fence_gate":1,"minecraft:lime_terracotta":2,"minecraft:dirt":365,"minecraft:smooth_basalt":4,"eternal_tales:catching_skill_stone_active":1,"duneons:dungeonscharreddirt":7,"minecraft:potted_red_tulip":2,"minecraft:oak_leaves":53,"minecraft:deepslate":44,"duneons:bluevangardvase":1,"minecraft:deepslate_diamond_ore":13,"gravestone:gravestone":17,"minecraft:jungle_planks":3,"minecraft:spruce_leaves":5,"minecraft:moss_block":5,"minecraft:sandstone":1,"duneons:stonebrickmossy":1,"duneons:bamboo_fire_pillar":4,"eternal_tales:karst_stone_bricks":1,"minecraft:furnace":1,"minecraft:andesite":9,"eternal_tales:gold_chain":1,"duneons:swamplog":5,"minecraft:potatoes":22,"minecraft:deepslate_iron_ore":15,"minecraft:vine":9,"minecraft:oxidized_cut_copper_slab":1,"minecraft:stripped_oak_log":104,"eternal_tales:rayana_bricks":5,"eternal_tales:limestone":4,"minecraft:bamboo":2,"botania:light_blue_double_flower":1,"minecraft:stone":1728,"minecraft:bone_block":3,"minecraft:podzol":1,"eternal_tales:eternal_banner":1,"botania:lime_mystical_flower":1,"minecraft:oak_fence":20,"minecraft:crafting_table":4,"eternal_tales:emerald_lamp":22,"minecraft:andesite_slab":1,"minecraft:stone_slab":3,"minecraft:copper_ore":15,"botania:pink_mystical_flower":2,"minecraft:coarse_dirt":3,"minecraft:light_blue_bed":2,"minecraft:sweet_berry_bush":8,"minecraft:coal_ore":151,"duneons:troomblock":1,"minecraft:flower_pot":1,"minecraft:fern":15},"minecraft:killed_by":{"riskofrain_mobs:stone_golem_entity":4,"minecraft:creeper":1,"minecraft:drowned":4,"minecraft:husk":5,"minecraft:player":2,"riskofrain_mobs:lemurian_entity":2},"minecraft:used":{"minecraft:moss_block":2,"minecraft:iron_shovel":230,"duneons:swamplog":5,"duneons:bamboo_fire_pillar":3,"minecraft:chest":6,"minecraft:shield":22,"minecraft:iron_sword":110,"minecraft:rotten_flesh":7,"minecraft:iron_chestplate":1,"minecraft:tuff":2,"minecraft:iron_helmet":1,"minecraft:light_blue_bed":2,"eternal_tales:stonecute":1,"minecraft:sweet_berries":10,"minecraft:scaffolding":2,"minecraft:furnace":1,"minecraft:oak_sapling":51,"minecraft:egg":2,"minecraft:potato":24,"minecraft:golden_boots":1,"minecraft:damaged_anvil":1,"duneons:charredgrassblock":1,"minecraft:stone_pickaxe":409,"minecraft:oak_planks":537,"minecraft:blackstone":27,"minecraft:wooden_pickaxe":3,"eternal_tales:stress_pills":1,"minecraft:melon_slice":119,"minecraft:bread":34,"eternal_tales:starter_kit":1,"minecraft:golden_helmet":1,"eternal_tales:eternal_banner":1,"minecraft:andesite":1,"minecraft:coarse_dirt":3,"minecraft:oak_fence":37,"eternal_tales:rayana_bricks":5,"minecraft:stone_sword":107,"minecraft:flint_and_steel":1,"minecraft:stone_shovel":255,"eternal_tales:gold_lantern":3,"minecraft:orange_bed":5,"minecraft:torch":142,"minecraft:dirt":446,"minecraft:oak_fence_gate":2,"minecraft:iron_axe":788,"minecraft:oak_stairs":19,"minecraft:jungle_log":1,"minecraft:iron_boots":1,"minecraft:iron_leggings":1,"duneons:whip":28,"minecraft:iron_ore":91,"minecraft:cobblestone_stairs":73,"minecraft:baked_potato":51,"botania:brown_mystical_flower":1,"minecraft:green_bed":1,"minecraft:leather_boots":1,"minecraft:lime_terracotta":2,"minecraft:oak_slab":16,"minecraft:crafting_table":7,"minecraft:lime_bed":2,"eternal_tales:emerald_lamp":14,"minecraft:oak_log":235,"duneons:firepumkin":5,"minecraft:flower_pot":2,"minecraft:apple":2,"minecraft:iron_pickaxe":1869,"minecraft:stone_axe":411,"minecraft:cobblestone":316,"travelersbackpack:standard":3,"minecraft:white_banner":1,"minecraft:bucket":1,"minecraft:pumpkin_pie":15,"minecraft:stripped_oak_log":97,"duneons:statue_ocelot":3}},"DataVersion":3465}