{"stats":{"minecraft:mined":{"minecraft:spruce_planks":9,"minecraft:mossy_cobblestone":3,"minecraft:jungle_leaves":1,"minecraft:crafting_table":3,"gravestone:gravestone":17,"minecraft:grass_block":3,"minecraft:jungle_log":3,"minecraft:tall_grass":1,"minecraft:cobblestone":9,"minecraft:spruce_leaves":17,"minecraft:large_fern":4,"eternal_tales:tikitorch":1,"minecraft:furnace":1,"minecraft:iron_ore":2,"minecraft:sweet_berry_bush":3,"minecraft:ice":3,"minecraft:spruce_log":294,"minecraft:stripped_spruce_log":1,"minecraft:grass":21,"minecraft:coal_ore":13,"minecraft:oak_log":4,"minecraft:dirt":1,"minecraft:stone":33,"minecraft:oak_leaves":11,"minecraft:fern":14},"minecraft:custom":{"minecraft:interact_with_furnace":22,"minecraft:mob_kills":13,"minecraft:interact_with_crafting_table":18,"minecraft:time_since_death":7012,"minecraft:sleep_in_bed":2,"minecraft:climb_one_cm":5088,"minecraft:time_since_rest":7049,"minecraft:sprint_one_cm":182245,"minecraft:damage_taken":5725,"minecraft:walk_one_cm":265440,"minecraft:drop":61,"minecraft:damage_dealt":2176,"minecraft:fly_one_cm":52445,"minecraft:open_chest":18,"minecraft:play_time":84025,"minecraft:deaths":19,"minecraft:sneak_time":56,"minecraft:walk_under_water_one_cm":5928,"minecraft:jump":943,"minecraft:walk_on_water_one_cm":3635,"minecraft:total_world_time":84025,"minecraft:fall_one_cm":17139},"minecraft:broken":{"minecraft:stone_axe":2},"minecraft:used":{"minecraft:leather_leggings":1,"minecraft:stone_sword":46,"minecraft:spruce_door":1,"minecraft:stone_pickaxe":25,"minecraft:baked_potato":5,"minecraft:chest":2,"minecraft:spruce_planks":95,"minecraft:wooden_pickaxe":51,"minecraft:leather_chestplate":1,"eternal_tales:stress_pills":1,"minecraft:leather_boots":1,"minecraft:cooked_chicken":1,"minecraft:dirt":1,"minecraft:mutton":4,"minecraft:crafting_table":6,"minecraft:white_bed":1,"eternal_tales:tikitorch":2,"minecraft:apple":2,"minecraft:leather_helmet":1,"eternal_tales:starter_kit":1,"minecraft:stone_axe":336,"minecraft:sweet_berries":9,"minecraft:furnace":2,"minecraft:potato":20},"minecraft:picked_up":{"minecraft:crafting_table":3,"minecraft:chicken":1,"minecraft:jungle_log":2,"minecraft:potato":1,"gravestone:obituary":12,"minecraft:oak_log":4,"minecraft:dirt":4,"eternal_tales:stress_pills":3,"minecraft:bow":2,"minecraft:wheat_seeds":7,"guideapi_vp:vampirism-guidebook":1,"minecraft:spruce_planks":7,"eternal_tales:starter_kit":1,"minecraft:egg":2,"minecraft:furnace":1,"minecraft:scaffolding":4,"minecraft:stick":29,"minecraft:raw_iron":2,"minecraft:sweet_berries":8,"minecraft:stripped_spruce_log":1,"minecraft:spruce_sapling":32,"eternal_tales:tikitorch":1,"minecraft:spruce_log":227,"minecraft:spider_eye":2,"minecraft:mossy_cobblestone":1,"minecraft:rotten_flesh":2,"minecraft:oak_sapling":2,"minecraft:mutton":4,"minecraft:snowball":86,"minecraft:coal":13,"minecraft:white_wool":3,"minecraft:cobblestone":35},"minecraft:killed":{"irons_spellbooks:summoned_zombie":4,"minecraft:zombie_villager":1,"riskofrain_mobs:lemurian_entity":1,"minecraft:spider":1,"minecraft:sheep":3,"minecraft:zombie":1,"minecraft:chicken":1,"irons_spellbooks:summoned_skeleton":1},"minecraft:dropped":{"guideapi_vp:vampirism-guidebook":1,"minecraft:dirt":1,"minecraft:snowball":74,"gravestone:obituary":23,"minecraft:spider_eye":1,"minecraft:scaffolding":4},"minecraft:killed_by":{"irons_spellbooks:necromancer":9,"riskofrain_mobs:lemurian_entity":3,"irons_spellbooks:summoned_skeleton":3,"minecraft:creeper":1,"eternal_tales:flower_zombie":1},"minecraft:crafted":{"minecraft:cobblestone_slab":6,"minecraft:crafting_table":3,"minecraft:spruce_planks":292,"minecraft:baked_potato":5,"minecraft:cooked_chicken":1,"minecraft:spruce_door":3,"minecraft:furnace":1,"eternal_tales:tikitorch":6,"minecraft:stone_axe":3,"minecraft:air":0,"minecraft:jungle_planks":4,"minecraft:charcoal":64,"minecraft:stick":4,"minecraft:stone_pickaxe":1,"minecraft:chest":2,"minecraft:white_bed":1,"minecraft:jungle_fence":3}},"DataVersion":3465}